CUST_ID,CUST_GENDER,AGE,COUNTRY_NAME,CUST_INCOME_LEVEL,EDUCATION,OCCUPATION,HOUSEHOLD_SIZE,AFFINITY_CARD,BULK_PACK_DISKETTES,FLAT_PANEL_MONITOR,HOME_THEATER_PACKAGE,BOOKKEEPING_APPLICATION,PRINTER_SUPPLIES,Y_BOX_GAMES,OS_DOC_SET_KANJI
102561,0,49,18,2,0,Other,4,0,0,0,1,0,1,0,0
102826,0,33,18,3,0,Crafts,4,0,1,1,0,0,1,0,0
101980,0,62,18,2,0,Prof,4,0,0,0,1,0,1,0,0
102825,1,63,18,3,0,Machine,2,0,1,1,1,0,1,0,0
101536,1,59,18,2,0,Crafts,3,1,0,0,1,0,1,0,0
101919,1,36,18,4,0,Crafts,2,0,1,1,1,0,1,0,0
102134,1,18,18,3,0,Unknown,1,0,1,1,0,0,1,1,0
102357,0,44,18,3,0,Cleric,4,0,1,1,1,0,1,0,0
102186,1,28,18,3,0,Machine,3,0,1,1,0,0,1,1,0
102774,1,53,18,3,0,Other,3,0,1,1,1,0,1,0,0
102570,1,53,18,3,0,Transp,2,0,1,0,1,0,1,0,0
102813,1,22,18,4,0,Crafts,1,0,1,1,0,0,1,1,0
101788,1,18,18,2,0,Other,1,0,0,0,0,0,1,1,0
101720,0,17,18,2,0,Other,1,0,0,0,0,0,1,1,0
101997,1,17,18,2,0,Other,1,0,0,0,0,0,1,1,0
102439,0,26,18,1,0,Cleric,2,0,0,0,0,0,1,1,0
102547,0,17,18,3,0,Other,1,0,1,1,0,0,1,1,0
101778,0,17,18,3,0,Other,1,0,1,1,0,0,1,1,0
102421,1,35,18,3,0,Unknown,2,0,1,0,1,0,1,0,0
101991,1,38,18,3,0,Machine,3,1,1,1,1,0,1,0,0
102975,1,31,18,2,0,Other,2,0,0,0,0,0,1,0,0
102349,1,36,18,2,0,Sales,1,0,0,0,1,0,1,0,0
102974,0,19,18,2,0,Other,2,0,0,0,0,0,1,1,0
102805,0,59,18,2,0,Exec,1,0,0,0,1,0,1,0,0
102895,1,49,18,3,0,Exec,2,0,1,1,1,0,1,0,0
101762,0,17,18,3,0,Protec,1,0,1,1,0,0,1,1,0
102126,1,17,18,2,0,Unknown,2,0,0,0,0,0,1,1,0
102305,0,27,18,3,0,Other,2,0,1,1,0,0,1,1,0
102914,1,17,18,3,0,Other,1,0,1,1,0,0,1,1,0
102339,1,17,18,3,0,Crafts,2,0,1,1,0,0,1,1,0
102721,0,25,0,3,0,Machine,2,0,1,1,0,0,1,1,0
101860,1,57,18,3,0,Crafts,3,0,1,1,1,0,1,0,0
102524,1,29,8,1,0,Crafts,2,0,0,0,0,0,1,1,0
101614,1,62,18,2,0,Machine,3,0,0,0,1,0,1,0,0
102948,0,76,18,2,0,Sales,4,0,0,0,1,0,1,0,0
102740,0,74,18,3,0,Other,2,0,1,1,1,0,1,0,0
102082,1,52,18,1,0,Crafts,3,1,0,0,1,0,1,0,0
102377,0,17,18,2,0,Sales,1,0,0,0,0,0,1,1,0
102996,1,17,18,2,0,Other,1,0,0,0,0,0,1,1,0
101886,1,17,18,2,0,Other,1,0,0,0,0,0,1,1,0
101643,0,21,18,4,0,Other,2,0,1,1,0,0,1,1,0
101827,1,31,18,3,0,Crafts,3,0,1,1,0,0,1,0,0
102399,1,17,18,3,0,Other,1,0,1,1,0,0,1,1,0
102208,0,17,18,2,0,Sales,1,0,0,0,0,0,1,1,0
101657,1,31,18,2,1,Handler,2,0,0,0,0,0,1,0,0
102482,1,53,18,2,1,Crafts,3,0,0,0,1,0,1,0,0
101573,1,34,18,3,1,Machine,3,0,1,1,0,0,1,0,0
102943,0,18,18,3,1,Other,1,0,1,1,0,0,1,1,0
102285,1,70,18,3,1,Transp,3,0,1,1,1,0,1,0,0
102474,1,52,18,3,1,Other,3,0,1,1,1,0,1,0,0
101665,1,18,18,3,1,Protec,1,0,1,0,0,0,1,1,0
102761,0,18,18,1,1,Other,2,0,0,0,0,0,1,1,0
101728,1,26,0,3,1,Other,2,0,1,1,0,0,1,1,0
101619,0,39,2,3,1,Prof,4,0,1,1,1,0,1,0,0
102707,0,65,18,2,1,Unknown,2,0,0,0,1,0,1,0,0
102059,1,37,18,3,1,Transp,3,0,1,0,1,0,1,0,0
102772,1,30,18,3,1,Transp,3,0,1,1,0,0,1,0,0
102623,1,32,18,2,1,Crafts,3,0,0,0,0,0,1,0,0
101610,1,18,18,3,1,Handler,1,0,1,1,0,0,1,1,0
101597,1,18,18,3,1,Handler,1,0,1,1,0,0,1,1,0
102311,1,17,18,3,1,Handler,1,0,1,1,0,0,1,1,0
101609,0,18,18,3,1,Sales,2,0,1,1,0,0,1,1,0
102121,1,32,18,4,1,Crafts,2,0,1,1,0,0,1,0,0
102293,1,24,18,3,1,Other,2,0,1,1,0,0,1,1,0
102274,0,64,18,3,1,Unknown,2,0,1,1,1,0,1,0,0
102760,1,18,18,1,1,Farming,1,0,0,0,0,0,1,1,0
101803,1,33,18,1,1,Exec,3,0,0,0,0,0,1,0,0
101895,0,58,18,3,1,Other,2,0,1,1,1,0,1,0,0
102201,0,54,18,3,1,Crafts,1,1,1,1,1,0,1,0,0
102833,1,34,18,2,1,Crafts,4,0,0,0,0,0,1,0,0
102358,0,38,18,3,1,Cleric,1,0,1,1,1,0,1,0,0
101934,0,17,18,3,1,Sales,1,0,1,1,0,0,1,1,0
101847,0,45,18,3,1,Cleric,4,0,1,0,1,0,1,0,0
102864,0,41,18,4,1,Other,4,0,1,1,1,0,1,0,0
102194,0,72,3,1,1,Cleric,2,0,0,0,1,0,1,0,0
102363,0,34,18,2,1,Machine,1,0,0,0,0,0,1,0,0
101956,0,17,2,3,1,Prof,1,0,1,1,0,0,1,1,0
102657,1,22,18,2,1,Other,2,0,0,0,0,0,1,1,0
101515,0,36,18,3,1,Other,4,0,1,1,1,0,1,0,0
102392,1,18,18,2,1,Other,1,0,0,0,0,0,1,1,0
102216,1,24,18,3,1,Sales,3,0,1,1,0,0,1,1,0
102420,1,68,18,4,1,Farming,4,0,1,1,1,0,1,0,0
101872,1,55,18,2,1,Exec,3,0,0,0,1,0,1,0,0
102515,1,45,8,4,2,Machine,3,0,1,1,1,0,1,0,0
101694,0,45,18,3,2,Cleric,1,1,1,1,1,0,1,0,0
102771,0,20,18,3,2,Sales,2,0,1,1,0,0,1,1,0
102668,1,38,18,3,2,Crafts,3,1,1,1,1,0,1,0,0
102523,0,58,18,3,2,Sales,2,0,1,1,1,0,1,0,0
102637,0,36,0,2,2,Other,4,0,0,0,1,0,1,0,0
102211,1,22,18,1,2,Farming,2,0,0,0,0,0,1,1,0
102107,1,61,18,3,2,Crafts,3,0,1,1,1,0,1,0,0
102298,1,47,2,3,2,Cleric,3,0,1,1,1,0,1,0,0
102300,1,31,18,2,2,Crafts,3,0,0,0,0,0,1,0,0
101623,0,37,18,3,2,House-s,4,0,1,1,1,0,1,0,0
101636,1,17,18,4,2,Other,1,0,1,1,0,0,1,1,0
102908,1,29,18,3,2,Crafts,4,0,1,1,0,0,1,1,0
102652,1,26,18,2,2,Sales,2,0,0,0,0,0,1,1,0
101710,1,25,18,2,2,Handler,4,0,0,0,0,0,1,1,0
101922,1,62,18,2,2,Crafts,3,1,0,0,1,0,1,0,0
102223,1,33,18,3,2,Crafts,2,0,1,1,0,0,1,0,0
101745,1,33,18,2,2,Protec,3,0,0,0,0,0,1,0,0
101738,0,41,3,2,2,Unknown,2,0,0,0,1,0,1,0,0
102599,1,23,18,3,2,Handler,1,0,1,1,0,0,1,1,0
102958,1,41,18,4,2,Crafts,2,0,1,1,1,0,1,0,0
102900,1,25,18,2,2,Other,2,0,0,0,0,0,1,1,0
101583,1,57,11,4,3,Crafts,4,0,1,1,1,0,1,0,0
102701,0,50,18,2,3,Prof,4,0,0,0,1,0,1,0,0
102811,1,51,0,3,3,Crafts,3,0,1,1,1,0,1,0,0
102582,1,26,8,4,4,Transp,2,0,1,1,0,0,1,1,0
102613,1,39,0,4,4,Other,3,0,1,1,1,0,1,0,0
101518,1,22,0,4,4,Farming,2,0,1,1,0,0,1,1,0
102490,1,53,0,3,4,Other,3,0,1,1,1,0,1,0,0
102294,1,37,0,3,4,Machine,3,0,1,1,1,0,1,0,0
102122,0,43,0,3,4,Machine,4,0,1,1,1,0,1,0,0
101976,1,35,0,3,4,Crafts,2,0,1,1,1,0,1,0,0
102178,0,27,12,2,4,Sales,1,0,0,0,0,0,1,1,0
102481,1,49,18,2,4,Other,3,0,0,0,1,0,1,0,0
101850,0,51,0,3,4,Machine,4,0,1,1,1,0,1,0,0
102621,0,29,0,4,4,Other,1,0,1,1,0,0,1,1,0
102839,1,51,18,2,5,Crafts,3,0,0,0,1,0,1,0,0
102288,1,34,18,2,5,Transp,3,0,0,0,0,0,1,0,0
102738,1,36,18,4,5,Crafts,3,0,1,1,1,0,1,0,0
101964,1,47,18,2,5,Transp,3,0,0,0,1,0,1,0,0
101899,1,60,18,2,5,Sales,3,0,0,0,1,0,1,0,0
102596,0,56,18,2,5,Machine,1,0,0,0,1,0,1,0,0
101882,1,53,18,2,5,Machine,3,0,0,0,1,0,1,0,0
102750,1,32,18,1,5,Other,3,0,0,0,0,0,1,0,0
101887,0,68,8,3,5,Unknown,2,0,1,1,1,0,1,0,0
102565,0,66,18,3,5,Other,2,0,1,1,1,0,1,0,0
102014,1,35,8,2,5,Machine,3,1,0,0,1,0,1,0,0
102905,1,30,18,4,5,Transp,2,0,1,1,0,0,1,0,0
101790,0,38,3,2,5,Machine,1,1,0,0,1,0,1,0,0
102002,1,60,11,2,5,Machine,3,0,0,0,1,0,1,0,0
102419,0,63,18,2,5,Farming,4,0,0,0,1,0,1,0,0
101989,1,59,18,3,5,Other,2,0,1,1,1,0,1,0,0
102284,1,61,18,2,5,Transp,3,0,0,0,1,0,1,0,0
101844,1,56,11,2,5,Crafts,3,0,0,0,1,0,1,0,0
102335,1,28,2,3,5,Handler,3,0,1,1,0,0,1,1,0
102847,1,41,4,3,5,Crafts,3,0,1,1,1,0,1,0,0
101555,1,41,8,1,5,Crafts,3,0,0,0,1,0,1,0,0
102678,1,61,18,3,5,Transp,3,0,1,0,1,0,1,0,0
102270,1,33,1,3,5,Handler,2,0,1,1,0,0,1,0,0
102558,1,28,0,4,5,Farming,3,0,1,1,0,0,1,1,0
102968,1,24,18,3,5,Crafts,3,0,1,1,0,0,1,1,0
102713,1,51,18,2,5,Exec,3,0,0,0,1,0,1,0,0
102645,1,57,18,4,5,Other,2,0,1,1,1,0,1,0,0
102240,1,49,18,4,5,Machine,3,0,1,1,1,0,1,0,0
102956,1,19,18,3,5,Cleric,1,0,1,1,0,0,1,1,0
101550,0,35,18,3,5,TechSup,4,0,1,1,1,0,1,0,0
102945,1,38,0,3,5,Crafts,3,0,1,1,1,0,1,0,0
102993,1,69,18,2,6,Unknown,3,0,0,0,1,0,1,0,0
101947,1,48,18,2,6,Crafts,3,0,0,0,1,0,1,0,0
102926,0,77,18,4,6,House-s,1,0,1,1,1,0,1,0,0
101944,0,46,18,2,6,Machine,2,0,0,0,1,0,1,0,0
102901,1,55,18,2,6,Farming,3,0,0,0,1,0,1,0,0
102875,0,40,18,3,6,Other,2,0,1,1,1,0,1,0,0
101667,0,45,18,3,6,Machine,1,1,1,1,1,0,1,0,0
102407,1,40,18,3,6,Handler,3,0,1,1,1,0,1,0,0
101933,1,45,18,3,6,Other,1,0,1,1,1,0,1,0,0
102769,1,35,18,4,6,Handler,2,0,1,1,1,0,1,0,0
102412,0,37,0,3,6,House-s,2,0,1,1,1,0,1,0,0
102258,0,90,18,2,6,Cleric,2,0,0,0,1,0,1,0,0
101558,0,27,18,3,6,Unknown,4,0,1,1,0,0,1,1,0
101965,1,38,18,4,6,Crafts,2,0,1,1,1,0,1,0,0
102017,1,64,18,2,6,Cleric,2,0,0,0,1,0,1,0,0
102743,1,25,0,3,6,Machine,3,0,1,1,0,0,1,1,0
101841,1,33,18,3,6,Machine,3,0,1,1,0,0,1,0,0
102598,1,22,18,2,6,Handler,1,0,0,0,0,0,1,1,0
102842,1,35,18,4,6,Crafts,3,0,1,1,1,0,1,0,0
101868,0,43,11,2,6,Sales,1,0,0,0,1,0,1,0,0
102094,1,22,0,4,6,Other,2,0,1,1,0,0,1,1,0
102539,1,59,18,1,6,Transp,3,1,0,0,1,0,1,0,0
102892,1,36,18,2,6,Crafts,3,0,0,0,1,0,1,0,0
102837,0,48,18,2,6,Unknown,2,0,0,0,1,0,1,0,0
102691,0,32,0,4,6,Other,4,0,1,1,0,0,1,0,0
101871,1,25,18,2,6,Crafts,4,0,0,0,0,0,1,1,0
102182,1,51,18,2,7,Cleric,3,1,0,0,1,1,1,0,0
101926,1,20,18,2,7,Other,1,0,0,0,0,1,1,1,0
101927,0,25,18,3,7,Exec,2,0,1,1,0,1,1,1,0
102680,0,33,18,3,7,TechSup,2,0,1,1,0,1,1,0,0
102679,1,42,18,3,7,Crafts,3,1,1,1,1,1,1,0,0
102183,1,47,18,2,7,Prof,3,0,0,0,1,1,1,0,0
102609,0,40,18,2,7,Cleric,4,0,0,0,1,1,1,0,0
101923,1,23,18,3,7,Armed-F,2,0,1,0,0,1,1,1,0
102692,0,21,18,3,7,Cleric,1,0,1,1,0,1,1,1,0
102167,1,36,18,3,7,Protec,3,1,1,1,1,1,1,0,0
101963,1,39,18,3,7,Farming,3,0,1,1,1,1,1,0,0
102819,1,31,18,2,7,Other,3,0,0,0,0,1,1,0,0
101962,0,45,18,3,7,Sales,2,0,1,1,1,1,1,0,0
102808,0,65,18,3,7,Other,4,0,1,1,1,1,1,0,0
102684,0,22,18,3,7,Unknown,4,0,1,1,0,1,1,1,0
102809,1,20,18,4,7,Transp,1,0,1,1,0,1,1,1,0
102171,0,25,18,2,7,Cleric,1,0,0,0,0,1,1,1,0
102810,0,29,18,2,7,Other,2,1,0,0,0,1,1,1,0
102172,1,52,18,4,7,Cleric,4,0,1,1,1,1,1,0,0
102344,0,24,18,2,7,Cleric,2,0,0,0,0,1,1,1,0
102190,1,57,18,2,7,Exec,3,1,0,0,1,1,1,0,0
101945,0,24,18,2,7,Sales,4,0,0,0,0,1,1,1,0
102248,1,41,18,3,7,Crafts,3,1,1,1,1,1,1,0,0
101943,0,53,18,2,7,Protec,2,0,0,0,1,1,1,0,0
102174,1,20,18,3,7,Crafts,1,0,1,1,0,1,1,1,0
102343,1,31,18,2,7,Cleric,3,0,0,0,0,1,1,0,0
102352,1,22,18,2,7,Crafts,2,0,0,0,0,1,1,1,0
102686,1,48,18,3,7,Prof,3,0,1,1,1,1,1,0,0
102801,1,56,18,2,7,Exec,3,0,0,0,1,1,1,0,0
101940,1,22,18,3,7,Unknown,1,0,1,1,0,1,1,1,0
102244,0,24,14,4,7,Cleric,1,0,1,1,0,1,1,1,0
102812,1,42,18,2,7,Machine,3,0,0,0,1,1,1,0,0
102737,0,22,18,4,7,Cleric,1,0,1,1,0,1,1,1,0
102241,0,22,7,3,7,Sales,1,0,1,0,0,1,1,1,0
101888,0,23,18,2,7,Sales,1,0,0,0,0,1,1,1,0
102206,1,22,18,2,7,Handler,3,0,0,0,0,1,1,1,0
102834,0,18,18,2,7,Other,1,0,0,0,0,1,1,1,0
102238,0,19,18,3,7,Unknown,1,0,1,1,0,1,1,1,0
102836,0,69,18,2,7,Farming,2,0,0,0,1,1,1,0,0
102666,1,33,18,2,7,Unknown,1,0,0,0,0,1,1,0,0
101880,1,34,18,4,7,Crafts,3,0,1,1,0,1,1,0,0
101879,0,44,18,2,7,Cleric,4,0,0,0,1,1,1,0,0
102375,0,18,18,3,7,Sales,1,0,1,1,0,1,1,1,0
102373,0,51,18,3,7,Sales,2,0,1,1,1,1,1,0,0
102215,1,28,18,3,7,Machine,3,1,1,1,0,1,1,1,0
101874,0,23,18,3,7,Cleric,1,0,1,1,0,1,1,1,0
102232,1,48,18,2,7,Crafts,3,1,0,0,1,1,1,0,0
102231,1,30,18,3,7,Transp,2,0,1,1,0,1,1,0,0
102225,1,24,18,4,7,Prof,2,0,1,1,0,1,1,1,0
102226,1,34,18,2,7,Farming,3,0,0,0,0,1,1,0,0
102843,1,37,18,4,7,Machine,3,0,1,1,1,1,1,0,0
102378,1,60,18,2,7,Transp,3,0,0,0,1,1,1,0,0
102659,0,57,18,2,7,Sales,2,0,0,0,1,1,1,0,0
102846,0,30,18,4,7,Transp,4,0,1,1,0,1,1,0,0
102220,1,45,18,2,7,Crafts,2,1,0,0,1,1,1,0,0
102204,1,30,18,2,7,Sales,3,1,0,0,0,1,1,0,0
102372,0,21,18,3,7,Unknown,1,0,1,1,0,1,1,1,0
102671,1,27,18,2,7,Exec,3,0,0,0,0,1,1,1,0
101917,1,49,18,3,7,Crafts,3,1,1,1,1,1,1,0,0
102823,1,38,18,2,7,Transp,3,1,0,0,1,1,1,0,0
102676,1,55,3,2,7,TechSup,3,1,0,0,1,1,1,0,0
102166,0,33,18,3,7,TechSup,4,0,1,1,0,1,1,0,0
101912,0,62,18,2,7,Crafts,2,1,0,0,1,1,1,0,0
102675,1,37,18,4,7,Crafts,3,0,1,1,1,1,1,0,0
102674,1,28,0,2,7,Crafts,2,0,0,0,0,1,1,1,0
102827,1,21,18,4,7,Unknown,1,0,1,1,0,1,1,1,0
102365,1,44,18,3,7,Exec,3,0,1,1,1,1,1,0,0
101906,0,29,18,2,7,Cleric,1,1,0,0,0,1,1,1,0
101905,0,19,18,3,7,Other,1,0,1,1,0,1,1,1,0
102197,1,27,18,2,7,Crafts,3,0,0,0,0,1,1,1,0
101903,0,22,18,3,7,Sales,1,0,1,1,0,1,1,1,0
101902,1,24,18,3,7,Machine,3,0,1,0,0,1,1,1,0
101901,1,25,18,4,7,Sales,3,0,1,1,0,1,1,1,0
102198,0,38,18,4,7,Unknown,1,0,1,1,1,1,1,0,0
101898,0,47,2,3,7,Exec,4,0,1,1,1,1,1,0,0
101896,0,20,18,3,7,Cleric,1,0,1,1,0,1,1,1,0
102672,0,21,18,2,7,Cleric,2,0,0,0,0,1,1,1,0
102202,1,29,18,3,7,Crafts,3,1,1,1,0,1,1,1,0
101893,1,27,18,2,7,Crafts,1,0,0,0,0,1,1,1,0
102607,0,46,18,2,7,Cleric,1,1,0,0,1,1,1,0,0
101913,1,71,18,4,7,Sales,4,0,1,1,1,1,1,0,0
101977,0,36,18,3,7,Crafts,2,0,1,1,1,1,1,0,0
102800,1,30,18,3,7,Machine,2,0,1,1,0,1,1,0,0
102058,0,45,18,3,7,Cleric,4,0,1,0,1,1,1,0,0
102295,1,60,18,3,7,Sales,3,0,1,1,1,1,1,0,0
102718,1,24,18,3,7,Handler,1,0,1,1,0,1,1,1,0
102119,1,27,18,2,7,Exec,2,0,0,0,0,1,1,1,0
102302,0,52,8,2,7,Other,4,0,0,0,1,1,1,0,0
102049,1,46,18,2,7,Exec,2,0,0,0,1,1,1,0,0
102630,1,23,18,2,7,Exec,2,0,0,0,0,1,1,1,0
102304,1,46,18,2,7,Cleric,3,0,0,0,1,1,1,0,0
102716,1,43,18,4,7,Transp,4,1,1,1,1,1,1,0,0
102124,1,32,3,4,7,Handler,3,1,1,1,0,1,1,0,0
102719,1,35,18,3,7,Prof,3,1,1,1,1,1,1,0,0
102125,1,43,18,4,7,Unknown,2,0,1,1,1,1,1,0,0
102306,1,43,18,3,7,Sales,3,1,1,1,1,1,1,0,0
102308,1,23,18,3,7,Prof,2,0,1,1,0,1,1,1,0
102038,0,22,18,4,7,Cleric,1,0,1,1,0,1,1,1,0
102127,1,49,18,3,7,Sales,3,1,1,1,1,1,1,0,0
102130,1,26,18,2,7,Other,3,0,0,0,0,1,1,1,0
102628,0,38,18,2,7,Cleric,1,0,0,0,1,1,1,0,0
102035,0,46,18,3,7,Sales,4,0,1,1,1,1,1,0,0
102714,0,46,18,2,7,Machine,1,0,0,0,1,1,1,0,0
102763,1,47,18,1,7,Farming,3,0,0,0,1,1,1,0,0
102271,1,31,18,2,7,Farming,3,1,0,0,0,1,1,0,0
102043,0,41,18,1,7,Other,2,0,0,0,1,1,1,0,0
102626,0,26,18,3,7,Machine,1,0,1,1,0,1,1,1,0
102115,0,20,18,3,7,Cleric,1,0,1,1,0,1,1,1,0
102106,0,20,18,2,7,Cleric,1,0,0,0,0,1,1,1,0
102087,1,50,18,1,7,Exec,3,1,0,0,1,1,1,0,0
102283,1,46,18,3,7,Exec,3,1,1,0,1,1,1,0,0
102089,1,19,18,3,7,Exec,2,0,1,1,0,1,1,1,0
102636,0,57,0,4,7,Cleric,4,0,1,1,1,1,1,0,0
102739,1,42,18,3,7,Crafts,1,0,1,1,1,1,1,0,0
102730,1,41,18,2,7,Farming,3,1,0,0,1,1,1,0,0
102099,1,20,18,2,7,Unknown,1,0,0,0,0,1,1,1,0
102635,1,25,18,4,7,Cleric,3,0,1,1,0,1,1,1,0
102634,1,32,18,1,7,Machine,3,1,0,0,0,1,1,0,0
102727,0,29,18,4,7,Other,2,0,1,1,0,1,1,1,0
102109,0,20,18,3,7,Other,1,0,1,1,0,1,1,1,0
102745,1,37,18,3,7,Unknown,4,0,1,1,1,1,1,0,0
102726,0,21,8,2,7,Other,1,0,0,0,0,1,1,1,0
102289,1,61,18,3,7,Cleric,3,1,1,1,1,1,1,0,0
102291,1,26,18,3,7,Cleric,3,0,1,1,0,1,1,1,0
102747,0,40,18,1,7,Cleric,2,0,0,0,1,1,1,0,0
102067,1,49,18,2,7,Other,3,0,0,0,1,1,1,0,0
102066,0,46,18,2,7,Cleric,2,0,0,0,1,1,1,0,0
102065,1,34,18,3,7,Crafts,3,0,1,1,0,1,1,0,0
102292,1,30,8,3,7,Crafts,2,0,1,1,0,1,1,0,0
102724,1,22,18,4,7,Unknown,1,0,1,1,0,1,1,1,0
102063,0,26,18,2,7,TechSup,1,0,0,0,0,1,1,1,0
102073,1,19,18,3,7,Other,1,0,1,1,0,1,1,1,0
101966,1,28,18,1,7,Cleric,3,1,0,0,0,1,1,1,0
102625,1,35,18,3,7,Machine,3,0,1,1,1,1,1,0,0
102028,1,28,18,4,7,Crafts,1,0,1,1,0,1,1,1,0
101995,0,25,18,2,7,Other,1,0,0,0,0,1,1,1,0
102153,0,25,18,3,7,Exec,2,0,1,1,0,1,1,1,0
102787,0,38,18,3,7,Other,4,0,1,1,1,1,1,0,0
102328,0,34,18,3,7,Exec,2,0,1,1,0,1,1,0,0
102256,1,23,18,2,7,Cleric,2,0,0,0,0,1,1,1,0
102329,0,74,18,1,7,Transp,2,0,0,0,1,1,1,0,0
102157,1,34,18,2,7,Sales,2,0,0,0,0,1,1,0,0
102158,0,62,18,3,7,Other,2,0,1,1,1,1,1,0,0
102159,1,27,18,2,7,Crafts,3,0,0,0,0,1,1,1,0
102333,1,46,18,2,7,TechSup,3,1,0,0,1,1,1,0,0
101998,1,26,8,4,7,Sales,3,0,1,1,0,1,1,1,0
101987,0,19,18,3,7,Other,1,0,1,1,0,1,1,1,0
101981,1,18,18,3,7,Other,1,0,1,1,0,1,1,1,0
102251,0,37,18,3,7,Other,4,0,1,1,1,1,1,0,0
102336,1,31,18,3,7,Crafts,3,0,1,0,0,1,1,0,0
101978,1,46,18,4,7,Transp,3,1,1,1,1,1,1,0,0
102086,1,49,18,3,7,Cleric,3,1,1,1,1,1,1,0,0
102165,0,45,18,2,7,Cleric,1,1,0,0,1,1,1,0,0
101971,1,54,18,2,7,Farming,3,0,0,0,1,1,1,0,0
101970,0,30,18,1,7,TechSup,1,0,0,0,0,1,1,0,0
102614,1,43,18,2,7,Protec,3,0,0,0,1,1,1,0,0
101968,1,30,5,3,7,Exec,3,1,1,1,0,1,1,0,0
102696,1,36,18,3,7,Exec,3,1,1,1,1,1,1,0,0
102314,0,19,18,1,7,Sales,1,0,0,0,0,1,1,1,0
102001,0,41,18,1,7,Exec,2,0,0,0,1,1,1,0,0
102702,0,51,18,3,7,Handler,2,0,1,1,1,1,1,0,0
102316,0,51,18,3,7,Sales,2,0,1,1,1,1,1,0,0
102026,0,18,18,2,7,Cleric,2,0,0,0,0,1,1,1,0
102136,0,21,0,3,7,Cleric,2,0,1,1,0,1,1,1,0
102536,1,20,18,3,7,Machine,1,0,1,1,0,1,1,1,0
102018,1,33,18,3,7,Sales,2,0,1,1,0,1,1,0,0
102137,1,20,18,2,7,Sales,1,0,0,0,0,1,1,1,0
102268,0,30,18,3,7,Cleric,2,0,1,1,0,1,1,0,0
102640,0,21,18,3,7,Cleric,2,0,1,1,0,1,1,1,0
102775,1,25,18,2,7,Machine,1,0,0,0,0,1,1,1,0
102265,1,22,18,2,7,Unknown,1,0,0,0,0,1,1,1,0
102259,1,39,18,4,7,Other,2,0,1,1,1,1,1,0,0
102320,1,37,18,2,7,Crafts,3,0,0,0,1,1,1,0,0
102622,1,32,18,3,7,Sales,3,1,1,0,0,1,1,0,0
102776,0,54,18,2,7,Cleric,2,0,0,0,1,1,1,0,0
102262,1,31,18,3,7,Crafts,3,0,1,1,0,1,1,0,0
102008,1,23,18,1,7,Prof,2,0,0,0,0,1,1,1,0
102778,1,25,18,3,7,Cleric,1,0,1,1,0,1,1,1,0
102779,1,54,18,2,7,Transp,3,0,0,0,1,1,1,0,0
102780,1,58,18,3,7,Prof,3,0,1,1,1,1,1,0,0
102260,0,28,18,4,7,Crafts,4,0,1,1,0,1,1,1,0
102703,1,20,18,3,7,Cleric,1,0,1,1,0,1,1,1,0
102324,1,43,10,4,7,TechSup,3,1,1,1,1,1,1,0,0
102144,1,75,18,3,7,Crafts,2,0,1,1,1,1,1,0,0
102537,0,32,18,3,7,Protec,4,0,1,1,0,1,1,0,0
102660,1,52,18,2,7,Exec,3,1,0,0,1,1,1,0,0
102436,0,44,18,3,7,Cleric,1,1,1,1,1,1,1,0,0
101568,1,21,18,2,7,Handler,1,0,0,0,0,1,1,1,0
102472,1,64,18,3,7,Crafts,3,0,1,0,1,1,1,0,0
102579,1,39,18,3,7,Machine,3,0,1,1,1,1,1,0,0
101748,1,35,18,1,7,Protec,3,0,0,0,1,1,1,0,0
101747,1,53,18,3,7,Protec,3,1,1,1,1,1,1,0,0
101628,1,20,18,3,7,Unknown,1,0,1,0,0,1,1,1,0
101663,0,38,18,2,7,Sales,2,0,0,0,1,1,1,0,0
102893,0,46,18,2,7,Cleric,4,0,0,0,1,1,1,0,0
101661,0,23,18,3,7,Other,1,0,1,1,0,1,1,1,0
102471,0,28,18,4,7,Cleric,2,0,1,1,0,1,1,1,0
102576,0,34,18,3,7,Exec,1,1,1,1,0,1,1,0,0
101741,1,34,18,4,7,Prof,3,1,1,1,0,1,1,0,0
101740,0,42,18,2,7,Exec,4,0,0,0,1,1,1,0,0
101668,1,34,8,4,7,Handler,2,0,1,1,0,1,1,0,0
101736,0,29,18,3,7,Unknown,4,0,1,1,0,1,1,1,0
101669,0,19,18,1,7,Other,2,0,0,0,0,1,1,1,0
102964,1,47,18,3,7,Exec,3,0,1,1,1,1,1,0,0
101734,0,38,18,1,7,Protec,4,1,0,0,1,1,1,0,0
102502,1,20,18,1,7,Exec,2,0,0,0,0,1,1,1,0
101574,1,52,18,2,7,Sales,3,0,0,0,1,1,1,0,0
101611,0,20,18,2,7,Unknown,1,0,0,0,0,1,1,1,0
102506,0,51,18,2,7,Exec,4,0,0,0,1,1,1,0,0
102884,0,24,18,2,7,Cleric,4,0,0,0,0,1,1,1,0
101554,1,64,18,3,7,Sales,3,0,1,1,1,1,1,0,0
101768,1,29,18,2,7,Crafts,3,0,0,0,0,1,1,1,0
101556,0,64,18,2,7,Unknown,4,0,0,0,1,1,1,0,0
101766,0,34,18,2,7,Cleric,2,0,0,0,0,1,1,0,0
102933,1,38,16,3,7,Crafts,2,0,1,1,1,1,1,0,0
102886,0,21,18,3,7,Sales,1,0,1,1,0,1,1,1,0
102581,1,46,18,4,7,Cleric,3,0,1,1,1,1,1,0,0
101752,0,20,18,2,7,Prof,1,0,0,0,0,1,1,1,0
102431,0,19,18,3,7,Other,1,0,1,1,0,1,1,1,0
101561,1,34,18,3,7,Other,3,0,1,1,0,1,1,0,0
101615,0,27,18,3,7,Cleric,1,0,1,1,0,1,1,1,0
102932,1,54,18,2,7,Sales,3,0,0,0,1,1,1,0,0
102432,0,33,18,3,7,Cleric,4,0,1,0,0,1,1,0,0
101756,0,30,17,3,7,Exec,2,0,1,1,0,1,1,0,0
101755,1,38,18,3,7,Exec,3,1,1,1,1,1,1,0,0
102889,0,33,18,4,7,Unknown,2,0,1,1,0,1,1,0,0
102931,1,32,18,3,7,Sales,3,0,1,1,0,1,1,0,0
102973,1,25,0,3,7,TechSup,1,0,1,1,0,1,1,1,0
102928,1,34,18,3,7,Machine,3,0,1,1,0,1,1,0,0
101731,1,55,18,1,7,Sales,3,0,0,0,1,1,1,0,0
101730,1,71,18,2,7,Exec,3,1,0,0,1,1,1,0,0
101588,1,21,18,4,7,Prof,1,0,1,1,0,1,1,1,0
101701,0,20,18,1,7,Unknown,1,0,0,0,0,1,1,1,0
102949,1,20,18,3,7,Other,1,0,1,1,0,1,1,1,0
102954,0,21,18,2,7,Other,1,0,0,0,0,1,1,1,0
101591,0,40,18,3,7,Other,2,0,1,1,1,1,1,0,0
102455,1,21,18,3,7,Handler,1,0,1,1,0,1,1,1,0
102922,0,72,18,2,7,TechSup,2,0,0,0,1,1,1,0,0
102913,1,39,18,2,7,Protec,3,0,0,0,1,1,1,0,0
102567,1,23,18,4,7,Other,1,0,1,1,0,1,1,1,0
101679,1,44,18,2,7,Crafts,3,1,0,0,1,1,1,0,0
101691,0,23,18,3,7,Other,2,0,1,1,0,1,1,1,0
101594,0,18,18,2,7,Other,1,0,0,0,0,1,1,1,0
102554,1,22,18,4,7,Unknown,1,0,1,1,0,1,1,1,0
102952,1,19,18,3,7,Other,1,0,1,1,0,1,1,1,0
101598,0,32,18,2,7,Cleric,2,0,0,0,0,1,1,0,0
101602,0,20,18,3,7,Cleric,1,0,1,1,0,1,1,1,0
102848,1,50,18,3,7,Unknown,4,0,1,1,1,1,1,0,0
101600,1,45,18,2,7,Exec,3,1,0,0,1,1,1,0,0
102564,1,43,18,3,7,Exec,3,1,1,1,1,1,1,0,0
102494,1,44,18,4,7,Sales,3,1,1,1,1,1,1,0,0
101704,0,20,18,2,7,Exec,1,0,0,0,0,1,1,1,0
101587,0,35,18,4,7,Prof,4,0,1,1,1,1,1,0,0
101576,0,21,18,3,7,Other,1,0,1,1,0,1,1,1,0
101577,0,33,18,2,7,Exec,1,1,0,0,0,1,1,0,0
102927,1,40,18,3,7,Exec,2,1,1,1,1,1,1,0,0
101727,1,34,18,2,7,Crafts,2,0,0,0,0,1,1,0,0
101579,1,46,18,3,7,Machine,3,0,1,0,1,1,1,0,0
102571,0,33,18,2,7,Exec,2,0,0,0,0,1,1,0,0
101723,0,53,18,1,7,Prof,2,0,0,0,1,1,1,0,0
102902,0,45,11,3,7,TechSup,2,0,1,1,1,1,1,0,0
101718,0,19,18,2,7,Other,2,0,0,0,0,1,1,1,0
101674,1,18,18,4,7,Sales,1,0,1,1,0,1,1,1,0
102904,1,26,18,3,7,Prof,3,0,1,1,0,1,1,1,0
101585,1,21,18,3,7,Handler,1,0,1,0,0,1,1,1,0
101607,1,59,18,2,7,Sales,2,1,0,0,1,1,1,0,0
102448,0,19,18,3,7,Cleric,1,0,1,1,0,1,1,1,0
101711,0,23,18,3,7,Cleric,2,0,1,1,0,1,1,1,0
102468,0,51,18,3,7,Prof,1,1,1,0,1,1,1,0,0
102568,0,20,18,3,7,Unknown,1,0,1,1,0,1,1,1,0
101706,1,22,18,1,7,TechSup,4,0,0,0,0,1,1,1,1
101586,0,34,18,4,7,Exec,2,0,1,1,0,1,1,0,0
102463,1,19,18,4,7,Unknown,1,0,1,1,0,1,1,1,0
101770,0,39,18,3,7,Other,4,0,1,0,1,1,1,0,0
101656,1,33,18,2,7,Sales,3,0,0,0,0,1,1,0,0
102427,1,41,18,2,7,Protec,1,0,0,0,1,1,1,0,0
102396,1,31,18,3,7,Cleric,3,0,1,1,0,1,1,0,0
102986,1,19,18,1,7,Prof,1,0,0,0,0,1,1,1,0
101624,1,37,9,1,7,Other,1,0,0,0,1,1,1,0,0
102518,1,45,18,2,7,Exec,3,0,0,0,1,1,1,0,0
101828,1,53,18,1,7,Transp,3,1,0,0,1,1,1,0,0
101630,1,40,18,2,7,Sales,3,0,0,0,1,1,1,0,0
102984,0,30,18,2,7,Other,4,0,0,0,0,1,1,0,0
101527,1,19,18,3,7,Cleric,1,0,1,1,0,1,1,1,0
102543,0,29,18,3,7,Sales,1,0,1,1,0,1,1,1,0
102491,1,37,18,4,7,Crafts,3,0,1,1,1,1,1,0,0
101631,0,20,18,4,7,Cleric,1,0,1,1,0,1,1,1,0
101821,1,39,18,3,7,Crafts,3,1,1,0,1,1,1,0,0
102516,0,51,18,3,7,Prof,2,0,1,1,1,1,1,0,0
101531,1,28,0,3,7,Transp,3,0,1,1,0,1,1,1,0
102947,1,23,18,4,7,Unknown,2,0,1,1,0,1,1,1,0
101818,0,48,18,4,7,Cleric,2,0,1,1,1,1,1,0,0
101618,1,46,18,2,7,Crafts,3,0,0,0,1,1,1,0,0
102511,1,28,18,2,7,Crafts,3,0,0,0,0,1,1,1,0
101529,1,22,18,3,7,Handler,1,0,1,1,0,1,1,1,0
102542,1,41,18,3,7,Transp,2,0,1,1,1,1,1,0,0
101834,0,41,18,2,7,Transp,1,0,0,0,1,1,1,0,0
101519,0,46,2,3,7,Sales,4,0,1,1,1,1,1,0,0
101507,1,28,18,3,7,Sales,3,0,1,1,0,1,1,1,0
101857,0,43,18,2,7,Protec,4,0,0,0,1,1,1,0,0
101856,0,70,18,3,7,Sales,2,0,1,1,1,1,1,0,0
101855,1,23,18,1,7,Machine,3,0,0,0,0,1,1,1,1
102383,1,33,18,2,7,Prof,3,0,0,0,0,1,1,0,0
102995,0,19,18,3,7,Other,1,0,1,1,0,1,1,1,0
102531,1,32,18,4,7,Sales,3,0,1,1,0,1,1,0,0
102852,1,41,18,1,7,Farming,3,1,0,0,1,1,1,0,0
101629,1,40,18,3,7,Sales,3,1,1,1,1,1,1,0,0
102526,0,19,18,2,7,Machine,2,0,0,0,0,1,1,1,0
102389,1,36,18,3,7,Cleric,2,0,1,1,1,1,1,0,0
102525,1,44,18,3,7,Machine,3,1,1,1,1,1,1,0,0
102390,1,56,18,3,7,Protec,2,0,1,0,1,1,1,0,0
101842,1,19,18,3,7,Unknown,1,0,1,1,0,1,1,1,0
101840,1,66,18,2,7,Unknown,3,0,0,0,1,1,1,0,0
102854,1,60,18,3,7,Crafts,1,1,1,1,1,1,1,0,0
101625,1,55,18,3,7,Crafts,3,0,1,1,1,1,1,0,0
102594,0,44,18,4,7,Farming,2,0,1,1,1,1,1,0,0
101516,1,33,18,2,7,Exec,3,0,0,0,0,1,1,0,0
102865,1,22,18,1,7,Sales,3,0,0,0,0,1,1,1,0
101813,1,54,18,2,7,Crafts,3,1,0,0,1,1,1,0,0
102590,0,41,18,1,7,Unknown,2,0,0,0,1,1,1,0,0
102477,1,34,18,3,7,Machine,3,0,1,1,0,1,1,0,0
101649,0,46,18,3,7,Cleric,1,0,1,1,1,1,1,0,0
101650,1,20,18,3,7,Other,1,0,1,1,0,1,1,1,0
101543,1,43,18,3,7,Cleric,2,1,1,0,1,1,1,0,0
101792,0,46,18,3,7,Farming,1,0,1,1,1,1,1,0,0
102980,0,19,18,4,7,Cleric,1,0,1,1,0,1,1,1,0
102935,1,64,18,3,7,Sales,3,0,1,1,1,1,1,0,0
102417,1,74,18,3,7,Exec,3,1,1,1,1,1,1,0,0
101545,0,43,18,4,7,Exec,2,0,1,1,1,1,1,0,0
102487,1,47,18,2,7,TechSup,3,0,0,0,1,1,1,0,0
101786,0,34,18,3,7,Other,4,0,1,0,0,1,1,0,0
102878,1,49,18,1,7,TechSup,2,0,0,0,1,1,1,0,0
101780,1,31,7,4,7,Exec,3,1,1,1,0,1,1,0,0
102880,1,34,18,3,7,Machine,3,1,1,1,0,1,1,0,0
101777,1,55,18,1,7,Farming,2,1,0,0,1,1,1,0,0
101548,0,26,18,2,7,Cleric,2,0,0,0,0,1,1,1,0
102426,1,48,18,3,7,Exec,2,0,1,1,1,1,1,0,0
102492,1,37,8,4,7,Crafts,3,0,1,1,1,1,1,0,0
101549,1,38,18,4,7,Exec,3,1,1,1,1,1,1,0,0
102586,0,20,18,2,7,Other,2,0,0,0,0,1,1,1,0
102478,0,19,18,4,7,Other,1,0,1,1,0,1,1,1,0
101601,1,56,18,3,7,Crafts,3,0,1,1,1,1,1,0,0
101796,1,33,18,3,7,Prof,2,0,1,1,0,1,1,0,0
102867,1,23,18,2,7,Sales,3,0,0,0,0,1,1,1,0
101537,1,31,18,2,7,Exec,3,0,0,0,0,1,1,0,0
101809,1,41,18,2,7,Crafts,2,0,0,0,1,1,1,0,0
101808,1,43,18,1,7,Farming,3,0,0,0,1,1,1,0,0
101807,0,35,18,2,7,Cleric,1,0,0,0,1,1,1,0,0
101617,0,22,5,1,7,Unknown,1,0,0,0,0,1,1,1,0
102942,1,32,0,3,7,Cleric,3,0,1,1,0,1,1,0,0
102410,0,18,18,3,7,Unknown,1,0,1,1,0,1,1,1,0
101795,1,33,8,3,7,Crafts,2,0,1,1,0,1,1,0,0
102941,1,47,18,2,7,Exec,3,0,0,0,1,1,1,0,0
101640,1,29,18,3,7,Exec,2,0,1,1,0,1,1,1,0
101642,0,32,18,2,7,TechSup,1,0,0,0,0,1,1,0,0
101801,1,44,18,3,7,Exec,3,1,1,0,1,1,1,0,0
101540,0,35,18,4,7,Unknown,4,0,1,1,1,1,1,0,0
102414,0,36,18,3,7,Sales,2,0,1,1,1,1,1,0,0
102588,1,30,18,3,7,Exec,3,1,1,0,0,1,1,0,0
101608,1,36,18,4,8,Exec,2,0,1,1,1,1,1,0,0
102929,1,48,18,3,8,Transp,3,0,1,0,1,1,1,0,0
102950,1,42,18,3,8,Crafts,3,1,1,1,1,1,1,0,0
102475,0,40,18,1,8,Cleric,2,0,0,0,1,1,1,0,0
102476,1,42,18,3,8,Exec,3,1,1,1,1,1,1,0,0
102755,1,31,18,2,8,Sales,3,0,0,0,0,1,1,0,0
102939,1,33,18,3,8,Crafts,2,0,1,1,0,1,1,0,0
102489,1,40,18,3,8,Exec,3,1,1,1,1,1,1,0,0
102112,0,25,18,2,8,Cleric,1,1,0,0,0,1,1,1,0
102729,0,47,8,3,8,Cleric,1,1,1,1,1,1,1,0,0
102040,1,37,18,4,8,Transp,3,1,1,1,1,1,1,0,0
102802,0,64,18,3,8,Prof,2,0,1,1,1,1,1,0,0
102715,1,27,18,3,8,Crafts,3,1,1,1,0,1,1,1,0
102245,0,37,18,2,8,Prof,4,0,0,0,1,1,1,0,0
101937,1,59,18,3,8,Crafts,3,1,1,0,1,1,1,0,0
102681,1,48,18,3,8,Prof,3,0,1,1,1,1,1,0,0
102416,1,35,18,3,8,Protec,3,1,1,1,1,1,1,0,0
101931,0,51,18,2,8,Other,2,0,0,0,1,1,1,0,0
101794,0,39,18,3,8,TechSup,2,0,1,1,1,1,1,0,0
102608,1,29,18,2,8,TechSup,2,0,0,0,0,1,1,1,0
101804,0,32,18,3,8,Machine,2,0,1,1,0,1,1,0,0
102606,0,28,18,3,8,Cleric,1,1,1,1,0,1,1,1,0
101539,0,69,8,3,8,Unknown,2,0,1,1,1,1,1,0,0
101538,1,39,7,3,8,Crafts,3,1,1,1,1,1,1,0,0
101812,0,42,18,2,8,Unknown,2,0,0,0,1,1,1,0,0
101534,1,38,0,2,8,Other,3,0,0,0,1,1,1,0,0
102517,1,35,18,2,8,Crafts,3,0,0,0,1,1,1,0,0
101826,1,43,18,3,8,Exec,3,1,1,1,1,1,1,0,0
102205,1,50,0,2,8,Cleric,3,0,0,0,1,1,1,0,0
101836,0,64,18,3,8,Prof,2,1,1,1,1,1,1,0,0
102888,0,45,18,3,8,Cleric,2,0,1,1,1,1,1,0,0
101753,0,39,18,3,8,Cleric,4,0,1,1,1,1,1,0,0
102510,1,47,18,4,8,Protec,3,1,1,1,1,1,1,0,0
101693,0,79,18,2,8,Unknown,1,1,0,0,1,1,1,0,0
101712,1,47,18,3,8,Cleric,3,1,1,1,1,1,1,0,0
101700,0,30,18,3,8,Machine,4,0,1,1,0,1,1,0,0
102338,1,27,18,3,8,Transp,2,0,1,1,0,1,1,1,0
102777,1,21,18,3,8,Handler,1,0,1,1,0,1,1,1,0
102449,0,51,18,2,8,Exec,4,0,0,0,1,1,1,0,0
102698,1,22,18,3,8,Handler,1,0,1,1,0,1,1,1,0
102141,0,48,18,3,8,Unknown,2,1,1,1,1,1,1,0,0
102953,0,50,18,3,8,Sales,1,0,1,1,1,1,1,0,0
101985,1,25,18,3,8,Farming,2,0,1,1,0,1,1,1,0
101569,1,49,18,3,8,Sales,3,0,1,1,1,1,1,0,0
101982,0,60,18,3,8,Other,2,0,1,1,1,1,1,0,0
101735,1,63,18,2,8,Sales,3,1,0,0,1,1,1,0,0
101592,0,35,18,3,9,Other,1,1,1,1,1,1,1,0,0
102553,1,50,18,3,9,TechSup,3,1,1,1,1,1,1,0,0
102673,1,46,18,3,9,Prof,2,0,1,0,1,1,1,0,0
102982,0,33,18,3,9,Prof,4,0,1,1,0,1,1,0,0
102218,1,30,12,2,9,Cleric,2,0,0,0,0,1,1,0,0
102533,1,31,18,1,9,Crafts,3,0,0,0,0,1,1,0,0
102966,1,27,18,3,9,Protec,2,0,1,0,0,1,1,1,0
102263,0,75,0,4,9,Cleric,2,0,1,1,1,1,1,0,0
102717,1,63,18,4,9,Other,3,0,1,1,1,1,1,0,0
101541,1,48,18,1,9,Crafts,3,1,0,0,1,1,1,0,0
102960,1,39,18,3,9,Crafts,3,0,1,1,1,1,1,0,0
102654,0,39,18,2,9,Exec,4,0,0,0,1,1,1,0,0
102981,0,43,18,3,9,Prof,1,1,1,1,1,1,1,0,0
102962,1,60,18,2,9,TechSup,3,1,0,0,1,1,1,0,0
101571,0,25,18,4,9,Other,1,0,1,1,0,1,1,1,0
102162,0,30,18,2,9,Cleric,1,0,0,0,0,1,1,0,0
102649,0,43,18,3,9,Prof,4,0,1,0,1,1,1,0,0
102545,0,21,18,4,9,Cleric,2,0,1,1,0,1,1,1,0
102849,1,42,18,2,9,Exec,3,0,0,0,1,1,1,0,0
102465,1,32,18,3,9,Other,2,0,1,1,0,1,1,0,0
102381,1,47,18,2,9,Unknown,2,0,0,0,1,1,1,0,0
101832,1,43,18,4,9,Crafts,3,0,1,1,1,1,1,0,0
102036,0,36,18,2,9,TechSup,4,0,0,0,1,1,1,0,0
102832,1,29,18,1,9,Handler,3,0,0,0,0,1,1,1,0
102371,0,47,18,3,9,Cleric,2,0,1,1,1,1,1,0,0
101772,1,23,18,3,9,Sales,1,0,1,1,0,1,1,1,0
102909,1,23,18,3,9,TechSup,2,0,1,1,0,1,1,1,0
102369,0,62,18,3,9,Cleric,2,0,1,1,1,1,1,0,0
102862,1,51,18,2,9,TechSup,2,1,0,0,1,1,1,0,0
101705,0,21,18,3,9,TechSup,1,0,1,1,0,1,1,1,0
102321,1,36,18,2,9,Crafts,2,0,0,0,1,1,1,0,0
101719,1,29,18,3,9,Machine,2,0,1,1,0,1,1,1,0
102444,1,33,18,1,9,Farming,3,0,0,0,0,1,1,0,0
101999,1,49,18,2,9,Crafts,3,0,0,0,1,1,1,0,0
101800,1,45,18,2,9,Crafts,3,1,0,0,1,1,1,0,0
102791,0,47,18,3,9,Prof,2,0,1,0,1,1,1,0,0
102816,0,42,18,2,9,Cleric,2,0,0,0,1,1,1,0,0
101750,0,23,18,3,9,Cleric,2,0,1,1,0,1,1,1,0
102872,1,44,18,3,9,TechSup,2,0,1,1,1,1,1,0,0
101787,0,37,18,2,9,Cleric,2,0,0,0,1,1,1,0,0
101758,1,26,18,3,9,Farming,3,0,1,1,0,1,1,1,0
101760,1,28,18,4,9,Sales,2,0,1,1,0,1,1,1,0
101761,1,23,18,3,9,Crafts,1,0,1,1,0,1,1,1,0
102428,1,41,18,2,9,Exec,3,1,0,0,1,1,1,0,0
102835,0,35,18,3,9,Other,4,0,1,1,1,1,1,0,0
102041,0,52,18,3,9,Exec,4,0,1,1,1,1,1,0,0
102350,0,34,18,3,9,TechSup,4,0,1,1,0,1,1,0,0
102376,1,58,18,2,9,Exec,3,1,0,0,1,1,1,0,0
102732,1,46,18,3,9,Exec,3,1,1,1,1,1,1,0,0
102095,1,27,18,3,9,Crafts,2,0,1,1,0,1,1,1,0
102093,1,59,18,2,9,Crafts,2,0,0,0,1,1,1,0,0
102091,1,34,17,1,9,Crafts,3,0,0,0,0,1,1,0,0
102282,1,44,18,4,9,Protec,3,1,1,1,1,1,1,0,0
101858,1,49,7,3,9,Prof,3,1,1,1,1,1,1,0,0
102484,1,51,18,3,9,Handler,3,1,1,1,1,1,1,0,0
102841,1,56,18,4,9,Crafts,3,1,1,1,1,1,1,0,0
102068,0,50,18,3,9,Prof,1,1,1,1,1,1,1,0,0
101637,1,32,18,1,9,TechSup,3,0,0,0,0,1,1,0,0
102920,1,29,18,2,9,Cleric,3,0,0,0,0,1,1,1,0
102758,0,25,18,3,9,Cleric,4,0,1,1,0,1,1,1,0
102401,1,37,18,4,10,Exec,3,1,1,1,1,1,1,0,0
102397,1,38,8,2,10,Exec,3,1,0,0,1,1,1,0,0
102656,0,39,18,2,10,Exec,1,0,0,0,1,1,1,0,0
102355,1,26,18,3,10,Other,1,0,1,1,0,1,1,1,0
102534,1,29,18,2,10,Machine,3,0,0,0,0,1,1,1,0
102353,1,53,18,3,10,Unknown,3,1,1,1,1,1,1,0,0
102520,0,22,18,3,10,Prof,1,0,1,1,0,1,1,1,0
102546,0,29,18,3,10,Exec,2,1,1,1,0,1,1,1,0
102512,1,28,18,1,10,Crafts,1,1,0,0,0,1,1,1,0
102394,1,42,18,3,10,Exec,3,1,1,1,1,1,1,0,0
102535,1,25,13,3,10,Prof,1,0,1,1,0,1,1,1,0
102655,1,36,18,3,10,Sales,3,1,1,1,1,1,1,0,0
102425,0,26,18,2,10,Exec,1,1,0,0,0,1,1,1,0
102351,1,39,9,4,10,Prof,3,1,1,1,1,1,1,0,0
102356,1,34,18,3,10,Cleric,3,0,1,1,0,1,1,0,0
102602,1,27,18,3,10,Crafts,1,0,1,1,0,1,1,1,0
102415,1,36,18,3,10,Prof,4,0,1,1,1,1,1,0,0
102398,0,26,18,2,10,Prof,2,0,0,0,0,1,1,1,0
102529,1,41,18,2,10,Exec,3,0,0,0,1,1,1,0,0
102597,1,34,18,3,10,Sales,2,0,1,1,0,1,1,0,0
102235,1,27,18,2,10,Exec,2,0,0,0,0,1,1,1,0
102388,1,58,18,3,10,Exec,3,1,1,1,1,1,1,0,0
102385,1,43,8,4,10,Prof,3,1,1,1,1,1,1,0,0
102368,1,35,18,2,10,TechSup,3,1,0,0,1,1,1,0,0
102234,0,35,18,3,10,Other,2,0,1,1,1,1,1,0,0
102402,1,30,18,3,10,Sales,3,1,1,1,0,1,1,0,0
102405,0,27,18,3,10,Cleric,1,0,1,1,0,1,1,1,0
102366,0,28,17,4,10,Other,4,1,1,1,0,1,1,1,0
102374,1,50,18,2,10,Exec,3,1,0,0,1,1,1,0,0
102589,1,30,18,3,10,TechSup,2,0,1,1,0,1,1,0,0
102364,0,31,18,3,10,Exec,2,0,1,1,0,1,1,0,0
102409,0,22,18,2,10,Prof,1,0,0,0,0,1,1,1,0
102605,1,33,18,2,10,Exec,3,1,0,0,0,1,1,0,0
102528,0,22,18,2,10,Prof,1,0,0,0,0,1,1,1,0
102400,1,36,18,4,10,Exec,3,1,1,1,1,1,1,0,0
102280,1,34,18,1,10,Sales,2,1,0,0,0,1,1,0,0
102650,1,37,18,1,10,Crafts,2,1,0,0,1,1,1,0,0
102566,0,27,18,3,10,TechSup,1,0,1,1,0,1,1,1,0
102457,1,44,18,3,10,Cleric,2,0,1,1,1,1,1,0,0
102458,1,27,18,3,10,Farming,2,0,1,1,0,1,1,1,0
102460,1,49,18,2,10,House-s,2,0,0,0,1,1,1,0,0
102461,1,44,18,4,10,Exec,3,1,1,1,1,1,1,0,0
102497,0,22,18,3,10,Cleric,1,0,1,1,0,1,1,1,0
102638,0,22,18,2,10,Cleric,1,0,0,0,0,1,1,1,0
102462,0,41,18,3,10,Prof,1,1,1,1,1,1,1,0,0
102464,1,47,18,2,10,Exec,3,1,0,0,1,1,1,0,0
102467,1,70,2,3,10,Exec,3,0,1,1,1,1,1,0,0
102315,0,23,18,3,10,Sales,1,0,1,1,0,1,1,1,0
102555,1,90,18,1,10,Exec,2,0,0,0,1,1,1,0,0
102469,1,28,18,3,10,Exec,3,1,1,1,0,1,1,1,0
102632,1,25,18,3,10,Prof,3,0,1,1,0,1,1,1,0
102470,1,40,18,2,10,Sales,3,1,0,0,1,1,1,0,0
102493,1,27,18,3,10,Transp,2,0,1,1,0,1,1,1,0
102290,1,32,0,3,10,Crafts,3,0,1,1,0,1,1,0,0
102473,1,38,18,1,10,Prof,3,1,0,0,1,1,1,0,0
102275,1,45,18,3,10,Exec,3,1,1,1,1,1,1,0,0
102276,1,31,18,3,10,Sales,3,1,1,1,0,1,1,0,0
102277,1,70,18,2,10,Sales,3,1,0,0,1,1,1,0,0
102278,0,31,3,3,10,Unknown,1,0,1,1,0,1,1,0,0
102301,0,23,18,3,10,Cleric,2,0,1,1,0,1,1,1,0
102246,1,36,18,4,10,Exec,2,1,1,1,1,1,1,0,0
102454,0,43,18,3,10,Prof,1,0,1,1,1,1,1,0,0
102624,1,32,4,4,10,Exec,3,1,1,1,0,1,1,0,0
102348,0,50,18,1,10,Exec,1,1,0,0,1,1,1,0,0
102345,1,44,18,4,10,Sales,3,1,1,1,1,1,1,0,0
102548,0,37,18,2,10,Prof,2,0,0,0,1,1,1,0,0
102340,1,51,18,1,10,Crafts,3,1,0,0,1,1,1,0,0
102504,0,41,18,3,10,Sales,4,0,1,1,1,1,1,0,0
102279,0,25,18,3,10,Cleric,1,0,1,1,0,1,1,1,0
102337,1,27,18,3,10,TechSup,1,0,1,1,0,1,1,1,0
102433,0,34,18,3,10,Prof,2,0,1,1,0,1,1,0,0
102643,1,42,18,3,10,Prof,3,1,1,1,1,1,1,0,0
102334,1,25,18,3,10,Prof,3,1,1,1,0,1,1,1,0
102453,0,43,7,3,10,Cleric,4,0,1,1,1,1,1,0,0
102438,1,42,18,4,10,Prof,3,1,1,1,1,1,1,0,0
102442,1,23,18,3,10,Handler,2,0,1,1,0,1,1,1,0
102620,0,39,18,4,10,Sales,4,0,1,1,1,1,1,0,0
102257,1,47,18,3,10,Sales,3,1,1,1,1,1,1,0,0
102501,1,48,18,1,10,Exec,3,1,0,0,1,1,1,0,0
102325,1,30,8,3,10,Sales,3,0,1,1,0,1,1,0,0
102572,1,55,18,3,10,Other,2,0,1,1,1,1,1,0,0
102552,1,41,18,2,10,Crafts,2,0,0,0,1,1,1,0,0
102447,1,44,18,2,10,Exec,3,0,0,0,1,1,1,0,0
102264,1,36,18,3,10,Cleric,3,0,1,1,1,1,1,0,0
102319,0,27,18,3,10,Prof,2,0,1,1,0,1,1,1,0
102327,1,35,18,3,10,Sales,2,0,1,1,1,1,1,0,0
102551,1,65,0,3,10,Exec,3,1,1,1,1,1,1,0,0
102250,1,33,18,3,10,Prof,3,1,1,0,0,1,1,0,0
102850,1,33,18,3,10,Sales,3,1,1,1,0,1,1,0,0
101846,1,51,18,3,10,Cleric,3,1,1,0,1,1,1,0,0
101845,0,49,18,2,10,Prof,2,0,0,0,1,1,1,0,0
101843,0,53,18,2,10,Prof,2,0,0,0,1,1,1,0,0
102857,0,41,18,2,10,Prof,4,0,0,0,1,1,1,0,0
101830,1,29,18,3,10,Exec,1,0,1,1,0,1,1,1,0
101829,1,31,0,4,10,Machine,3,0,1,1,0,1,1,0,0
101824,1,40,18,3,10,Sales,3,1,1,1,1,1,1,0,0
101823,1,45,18,3,10,Exec,3,1,1,1,1,1,1,0,0
101820,1,62,18,3,10,Farming,2,0,1,0,1,1,1,0,0
102863,0,43,18,3,10,Cleric,2,0,1,1,1,1,1,0,0
101852,0,31,18,3,10,Cleric,1,0,1,1,0,1,1,0,0
101816,1,44,18,1,10,Exec,3,1,0,0,1,1,1,0,0
102868,1,42,18,3,10,Exec,3,1,1,1,1,1,1,0,0
101802,0,51,18,3,10,Cleric,4,0,1,1,1,1,1,0,0
102871,1,41,18,2,10,Other,2,0,0,0,1,1,1,0,0
101797,1,52,18,3,10,Prof,3,0,1,1,1,1,1,0,0
101793,1,38,18,2,10,Prof,3,1,0,0,1,1,1,0,0
102873,0,53,18,2,10,Cleric,4,0,0,0,1,1,1,0,0
102879,1,32,18,3,10,Sales,3,0,1,1,0,1,1,0,0
101775,1,24,18,4,10,Cleric,2,0,1,1,0,1,1,1,0
101773,0,32,18,2,10,Exec,1,1,0,0,0,1,1,0,0
101771,1,48,18,2,10,Crafts,3,0,0,0,1,1,1,0,0
101814,1,29,18,3,10,TechSup,2,0,1,0,0,1,1,1,0
101764,0,46,18,3,10,Cleric,2,1,1,1,1,1,1,0,0
101853,0,24,18,4,10,Prof,2,0,1,1,0,1,1,1,0
102845,1,59,8,3,10,Handler,3,1,1,1,1,1,1,0,0
101969,1,34,18,3,10,Exec,3,1,1,1,0,1,1,0,0
101961,1,23,18,2,10,Other,3,0,0,0,0,1,1,1,0
101958,1,50,18,1,10,Prof,2,0,0,0,1,1,1,0,0
102804,1,71,18,3,10,Unknown,3,1,1,1,1,1,1,0,0
101953,0,33,18,2,10,Prof,2,0,0,0,0,1,1,0,0
102806,1,39,18,3,10,Exec,3,1,1,1,1,1,1,0,0
101948,0,27,18,2,10,Prof,2,0,0,0,0,1,1,1,0
101942,1,27,18,4,10,Prof,4,0,1,1,0,1,1,1,0
101936,1,27,18,3,10,Exec,2,0,1,1,0,1,1,1,0
102817,1,55,18,3,10,Prof,3,1,1,1,1,1,1,0,0
101864,0,23,18,3,10,Exec,2,0,1,1,0,1,1,1,0
101924,0,26,18,3,10,Cleric,1,1,1,1,0,1,1,1,0
101916,1,41,18,3,10,Exec,3,1,1,1,1,1,1,0,0
101914,1,63,18,1,10,Unknown,3,1,0,0,1,1,1,0,0
102824,1,43,17,3,10,Exec,3,1,1,1,1,1,1,0,0
101907,1,56,18,3,10,Exec,2,1,1,1,1,1,1,0,0
102830,1,37,18,3,10,Exec,2,0,1,1,1,1,1,0,0
101894,1,42,18,1,10,Sales,3,0,0,0,1,1,1,0,0
101889,1,29,18,3,10,Sales,3,1,1,1,0,1,1,1,0
101883,0,48,18,2,10,Sales,4,0,0,0,1,1,1,0,0
101876,0,26,18,3,10,Prof,1,0,1,0,0,1,1,1,0
102844,1,58,18,2,10,Prof,3,0,0,0,1,1,1,0,0
101921,0,25,10,4,10,Other,2,0,1,1,0,1,1,1,0
101979,1,24,18,3,10,Exec,2,0,1,1,0,1,1,1,0
102887,0,28,18,3,10,TechSup,2,0,1,1,0,1,1,1,0
101744,0,28,18,2,10,Cleric,2,0,0,0,0,1,1,1,0
101612,1,26,18,2,10,Unknown,3,0,0,0,0,1,1,1,0
101606,0,39,18,3,10,Exec,1,1,1,1,1,1,1,0,0
101605,1,48,18,3,10,Exec,3,1,1,1,1,1,1,0,0
102951,1,32,18,2,10,Exec,3,1,0,0,0,1,1,0,0
101595,1,26,18,3,10,Other,3,1,1,1,0,1,1,1,0
102961,1,38,18,3,10,Sales,3,1,1,1,1,1,1,0,0
101566,1,38,18,3,10,Exec,2,0,1,1,1,1,1,0,0
102970,1,40,18,3,10,TechSup,2,0,1,1,1,1,1,0,0
101552,1,28,18,1,10,Prof,1,0,0,0,0,1,1,1,0
102979,1,78,18,3,10,Exec,3,1,1,1,1,1,1,0,0
101616,0,23,18,2,10,TechSup,1,0,0,0,0,1,1,1,0
101535,0,33,18,4,10,Prof,2,1,1,1,0,1,1,0,0
101530,1,34,18,3,10,Prof,3,1,1,0,0,1,1,0,0
102983,1,32,18,2,10,Machine,3,0,0,0,0,1,1,0,0
102989,1,35,18,2,10,Sales,2,0,0,0,1,1,1,0,0
101513,1,31,18,3,10,Sales,3,0,1,1,0,1,1,0,0
101511,1,30,18,3,10,Sales,2,0,1,0,0,1,1,0,0
101510,1,27,18,4,10,Sales,2,1,1,1,0,1,1,1,0
101509,1,52,2,3,10,Other,3,0,1,1,1,1,1,0,0
102997,1,41,15,4,10,Exec,3,0,1,1,1,1,1,0,0
101504,1,45,18,1,10,Exec,3,1,0,0,1,1,1,0,0
101502,1,27,18,3,10,Sales,2,0,1,1,0,1,1,1,0
101533,0,48,18,2,10,Cleric,4,0,0,0,1,1,1,0,0
101757,1,52,18,3,10,Other,2,0,1,1,1,1,1,0,0
101621,1,46,18,3,10,Protec,3,1,1,1,1,1,1,0,0
101634,1,24,18,3,10,Sales,3,0,1,1,0,1,1,1,0
101737,1,44,18,3,10,Exec,3,1,1,1,1,1,1,0,0
102897,1,35,18,4,10,Exec,2,0,1,1,1,1,1,0,0
101729,1,22,18,3,10,Exec,3,0,1,1,0,1,1,1,0
101715,0,49,18,1,10,Prof,1,0,0,0,1,1,1,0,0
101709,1,29,18,3,10,Sales,4,0,1,1,0,1,1,1,0
102907,1,64,18,3,10,TechSup,2,0,1,1,1,1,1,0,0
101702,1,64,18,4,10,Sales,3,0,1,1,1,1,1,0,0
101699,1,49,18,3,10,Sales,3,1,1,1,1,1,1,0,0
102910,1,52,18,2,10,Sales,3,1,0,0,1,1,1,0,0
102911,0,48,0,4,10,Prof,2,0,1,1,1,1,1,0,0
101627,1,29,18,3,10,Sales,2,1,1,1,0,1,1,1,0
101692,0,38,18,3,10,Protec,2,1,1,1,1,1,1,0,0
101689,1,44,8,2,10,Sales,3,1,0,0,1,1,1,0,0
101684,1,37,18,1,10,Exec,2,0,0,0,1,1,1,0,0
101672,0,26,18,3,10,Sales,2,0,1,0,0,1,1,1,0
101662,1,45,18,3,10,Exec,3,1,1,1,1,1,1,0,0
101652,1,42,18,2,10,Farming,3,0,0,0,1,1,1,0,0
101651,1,73,18,2,10,Unknown,3,0,0,0,1,1,1,0,0
102937,1,24,18,1,10,Sales,2,0,0,0,0,1,1,1,0
101646,1,41,18,1,10,TechSup,3,0,0,0,1,1,1,0,0
101638,1,41,18,2,10,Sales,3,0,0,0,1,1,1,0,0
101635,1,46,18,1,10,Exec,3,0,0,0,1,1,1,0,0
101690,1,61,18,3,10,Prof,3,1,1,1,1,1,1,0,0
101983,1,43,18,3,10,Sales,3,1,1,1,1,1,1,0,0
102019,0,47,18,3,10,Exec,1,1,1,1,1,1,1,0,0
102757,1,26,18,3,10,Sales,3,1,1,1,0,1,1,1,0
102751,1,25,18,2,10,Exec,2,0,0,0,0,1,1,1,0
102699,1,35,18,3,10,Cleric,3,1,1,0,1,1,1,0,0
102154,1,25,18,3,10,Unknown,2,0,1,1,0,1,1,1,0
102754,1,66,18,3,10,Exec,3,1,1,1,1,1,1,0,0
102695,1,39,18,2,10,Prof,3,1,0,0,1,1,1,0,0
102163,0,35,18,1,10,Prof,2,0,0,0,1,1,1,0,0
102132,0,26,18,3,10,Prof,2,0,1,1,0,1,1,1,0
102694,0,25,18,2,10,Cleric,1,0,0,0,0,1,1,1,0
102050,0,32,18,3,10,Sales,4,0,1,1,0,1,1,0,0
102047,1,42,18,2,10,TechSup,3,1,0,0,1,1,1,0,0
102045,1,22,18,2,10,Sales,1,0,0,0,0,1,1,1,0
102042,1,28,18,3,10,Sales,2,0,1,1,0,1,1,1,0
102175,1,46,8,3,10,Machine,2,0,1,1,1,1,1,0,0
102039,1,37,18,2,10,Farming,2,0,0,0,1,1,1,0,0
102688,1,27,18,1,10,TechSup,3,0,0,0,0,1,1,1,0
102749,1,47,18,3,10,Sales,3,0,1,0,1,1,1,0,0
102034,1,49,5,2,10,Sales,3,1,0,0,1,1,1,0,0
102748,1,28,18,3,10,Prof,3,1,1,1,0,1,1,1,0
102700,1,42,18,3,10,Exec,3,0,1,1,1,1,1,0,0
102114,0,42,18,2,10,Prof,4,0,0,0,1,1,1,0,0
102111,0,29,18,3,10,Prof,1,0,1,1,0,1,1,1,0
102722,1,29,18,3,10,Prof,2,0,1,1,0,1,1,1,0
102723,1,41,12,2,10,Other,3,0,0,0,1,1,1,0,0
102708,0,36,7,4,10,Cleric,1,1,1,1,1,1,1,0,0
102098,1,47,18,2,10,Sales,3,1,0,0,1,1,1,0,0
102092,1,23,18,3,10,Prof,2,0,1,1,0,1,1,1,0
102084,1,52,18,3,10,Prof,3,1,1,1,1,1,1,0,0
102742,0,53,5,2,10,Cleric,1,0,0,0,1,1,1,0,0
102077,1,43,18,2,10,Sales,4,1,0,0,1,1,1,0,0
102147,1,46,18,1,10,Exec,2,0,0,0,1,1,1,0,0
102076,1,35,18,4,10,Sales,3,1,1,1,1,1,1,0,0
102744,1,44,18,3,10,Sales,3,0,1,1,1,1,1,0,0
102071,1,48,18,3,10,Exec,3,0,1,1,1,1,1,0,0
102070,1,28,18,1,10,Exec,1,0,0,0,0,1,1,1,0
102064,1,41,18,2,10,Handler,2,0,0,0,1,1,1,0,0
102764,1,79,18,3,10,Sales,3,1,1,1,1,1,1,0,0
102129,1,30,12,3,10,Crafts,3,1,1,0,0,1,1,0,0
102214,1,69,18,2,10,Prof,3,1,0,0,1,1,1,0,0
102677,0,32,3,2,10,Exec,4,0,0,0,0,1,1,0,0
102188,0,36,18,3,10,Exec,1,1,1,1,1,1,1,0,0
102022,1,38,18,1,10,Prof,3,1,0,0,1,1,1,0,0
102221,1,47,18,2,10,TechSup,3,1,0,0,1,1,1,0,0
102012,0,26,11,4,10,Exec,2,0,1,1,0,1,1,1,0
102219,1,69,18,4,10,Unknown,3,1,1,1,1,1,1,0,0
102011,1,90,18,3,10,Exec,3,0,1,1,1,1,1,0,0
102788,1,27,18,3,10,Sales,3,1,1,1,0,1,1,1,0
102767,1,51,18,2,10,Exec,3,1,0,0,1,1,1,0,0
102212,1,43,18,3,10,Machine,3,1,1,1,1,1,1,0,0
102766,1,31,18,3,10,Exec,2,0,1,1,0,1,1,0,0
101993,1,39,18,3,10,Exec,2,0,1,1,1,1,1,0,0
102222,1,47,18,3,10,Sales,3,1,1,1,1,1,1,0,0
102013,1,73,18,3,10,Unknown,3,0,1,1,1,1,1,0,0
102934,0,54,18,3,11,Handler,4,0,1,0,1,1,1,0,0
102936,1,31,18,4,11,Crafts,3,0,1,1,0,1,1,0,0
102705,1,29,18,3,11,Protec,3,0,1,1,0,1,1,1,0
102665,0,32,18,2,11,Transp,1,0,0,0,0,1,1,0,0
102704,1,37,18,2,11,Handler,2,0,0,0,1,1,1,0,0
102541,1,35,18,4,11,Machine,3,0,1,1,1,1,1,0,0
102930,1,31,18,2,11,Exec,1,0,0,0,0,1,1,0,0
102642,1,25,0,3,11,Transp,4,0,1,1,0,1,1,1,0
102706,0,32,18,3,11,Other,2,0,1,1,0,1,1,0,0
102925,1,20,18,2,11,Cleric,2,0,0,0,0,1,1,1,0
102924,1,35,18,4,11,Machine,3,0,1,1,1,1,1,0,0
102971,1,65,18,1,11,Crafts,3,0,0,0,1,1,1,0,0
102923,1,57,18,1,11,Crafts,3,0,0,0,1,1,1,0,0
102712,1,43,18,3,11,Crafts,2,0,1,1,1,1,1,0,0
102664,1,25,18,1,11,Crafts,1,0,0,0,0,1,1,1,0
102639,0,24,17,4,11,House-s,2,0,1,1,0,1,1,1,0
102998,1,53,18,3,11,Exec,3,1,1,1,1,1,1,0,0
102912,1,43,18,3,11,Crafts,2,0,1,1,1,1,1,0,0
102710,1,48,18,2,11,Sales,3,0,0,0,1,1,1,0,0
102709,1,63,18,1,11,Sales,2,0,0,0,1,1,1,0,0
102658,0,34,18,4,11,Machine,4,0,1,1,0,1,1,0,0
102641,1,44,18,3,11,Exec,3,1,1,1,1,1,1,0,0
102915,1,40,18,2,11,Crafts,2,0,0,0,1,1,1,0,0
102916,1,19,18,3,11,Handler,2,0,1,1,0,1,1,1,0
102917,1,43,18,2,11,Crafts,3,0,0,0,1,1,1,0,0
102918,1,56,18,3,11,Prof,3,0,1,1,1,1,1,0,0
102919,1,28,18,2,11,Crafts,3,1,0,0,0,1,1,1,0
102994,1,44,18,2,11,Transp,3,1,0,0,1,1,1,0,0
102540,1,55,18,2,11,Handler,2,0,0,0,1,1,1,0,0
102921,1,24,0,4,11,Sales,3,0,1,1,0,1,1,1,0
102562,1,33,18,2,11,Farming,2,0,0,0,0,1,1,0,0
102992,1,31,18,3,11,Crafts,3,0,1,0,0,1,1,0,0
102682,0,45,18,3,11,Sales,1,0,1,0,1,1,1,0,0
102647,1,59,18,3,11,Exec,2,0,1,1,1,1,1,0,0
102693,1,61,18,2,11,Protec,3,0,0,0,1,1,1,0,0
102978,1,60,18,3,11,Exec,3,1,1,1,1,1,1,0,0
102690,0,47,18,3,11,Machine,1,1,1,1,1,1,1,0,0
102955,1,82,2,3,11,Crafts,3,0,1,1,1,1,1,0,0
102557,1,70,18,1,11,Unknown,3,0,0,0,1,1,1,0,0
102977,0,36,18,3,11,Other,1,0,1,1,1,1,1,0,0
102683,1,34,18,4,11,Cleric,2,1,1,1,0,1,1,0,0
102965,1,37,18,3,11,Crafts,3,0,1,1,1,1,1,0,0
102976,1,35,18,3,11,Handler,1,0,1,1,1,1,1,0,0
102685,1,43,18,3,11,Machine,3,1,1,1,1,1,1,0,0
102550,0,41,8,3,11,Cleric,4,0,1,1,1,1,1,0,0
102972,1,40,18,3,11,Handler,3,0,1,1,1,1,1,0,0
102963,0,46,18,3,11,Cleric,4,0,1,0,1,1,1,0,0
102938,0,25,18,2,11,Cleric,2,0,0,0,0,1,1,1,0
102646,1,28,18,3,11,Transp,3,0,1,1,0,1,1,1,0
102644,1,36,5,3,11,Crafts,2,0,1,0,1,1,1,0,0
102563,1,32,18,3,11,Cleric,2,0,1,1,0,1,1,0,0
102549,0,30,18,3,11,Cleric,2,0,1,1,0,1,1,0,0
102991,1,52,18,3,11,Sales,3,0,1,1,1,1,1,0,0
102988,0,31,18,3,11,Other,2,0,1,1,0,1,1,0,0
102940,1,37,18,2,11,Farming,2,0,0,0,1,1,1,0,0
102987,1,51,18,4,11,Crafts,3,1,1,1,1,1,1,0,0
102670,1,47,8,4,11,Transp,3,1,1,1,1,1,1,0,0
102544,0,72,18,1,11,Other,4,0,0,0,1,1,1,0,0
102560,1,46,18,4,11,Prof,3,0,1,1,1,1,1,0,0
102559,0,37,18,1,11,Other,2,0,0,0,1,1,1,0,0
102667,1,65,18,3,11,Unknown,3,0,1,1,1,1,1,0,0
102697,1,21,18,4,11,Handler,1,0,1,1,0,1,1,1,0
102944,1,38,18,3,11,Crafts,3,0,1,1,1,1,1,0,0
102946,0,47,18,3,11,Other,1,0,1,1,1,1,1,0,0
102985,1,27,18,4,11,Cleric,2,0,1,1,0,1,1,1,0
102792,1,33,18,3,11,Cleric,3,0,1,1,0,1,1,0,0
102578,1,50,18,2,11,Crafts,3,0,0,0,1,1,1,0,0
102569,1,44,0,4,11,Other,3,0,1,1,1,1,1,0,0
102822,1,19,18,4,11,Crafts,2,0,1,1,0,1,1,1,0
102770,0,36,18,2,11,Other,4,0,0,0,1,1,1,0,0
102768,1,37,18,3,11,Machine,3,0,1,1,1,1,1,0,0
102828,0,36,18,2,11,Machine,1,0,0,0,1,1,1,0,0
102604,1,18,18,3,11,Cleric,1,0,1,0,0,1,1,1,0
102829,1,24,18,2,11,Crafts,1,0,0,0,0,1,1,1,0
102603,1,27,18,3,11,Handler,3,0,1,1,0,1,1,1,0
102765,1,61,18,2,11,Crafts,3,1,0,0,1,1,1,0,0
102831,1,39,18,3,11,Cleric,3,0,1,1,1,1,1,0,0
102838,1,53,18,2,11,Cleric,2,0,0,0,1,1,1,0,0
102627,0,21,18,1,11,Sales,1,0,0,0,0,1,1,1,0
102840,1,28,18,3,11,Crafts,3,0,1,1,0,1,1,1,0
102762,1,47,18,3,11,Crafts,3,0,1,1,1,1,1,0,0
102601,0,51,18,2,11,Prof,4,1,0,0,1,1,1,0,0
102629,0,46,18,3,11,Sales,1,1,1,1,1,1,1,0,0
102600,0,30,18,3,11,Sales,2,0,1,1,0,1,1,0,0
102662,0,34,18,4,11,Machine,4,0,1,1,0,1,1,0,0
102820,0,27,18,3,11,Cleric,1,0,1,1,0,1,1,1,0
102851,1,37,18,2,11,Crafts,3,1,0,0,1,1,1,0,0
102773,1,50,0,1,11,Sales,3,1,0,0,1,1,1,0,0
102815,1,33,2,4,11,Sales,3,1,1,1,0,1,1,0,0
102616,1,52,18,2,11,Sales,3,1,0,0,1,1,1,0,0
102617,0,33,18,2,11,Other,4,0,0,0,0,1,1,0,0
102795,1,43,0,3,11,Transp,4,0,1,1,1,1,1,0,0
102797,0,62,18,2,11,Other,2,0,0,0,1,1,1,0,0
102798,1,31,18,4,11,Other,4,0,1,1,0,1,1,0,0
102799,1,39,18,4,11,Cleric,2,0,1,1,1,1,1,0,0
102618,0,39,18,2,11,Machine,2,0,0,0,1,1,1,0,0
102789,1,48,18,3,11,Machine,3,1,1,1,1,1,1,0,0
102803,0,25,18,2,11,Cleric,1,0,0,0,0,1,1,1,0
102611,1,31,18,3,11,Crafts,3,0,1,1,0,1,1,0,0
102610,0,19,18,3,11,Sales,1,0,1,1,0,1,1,1,0
102785,1,57,18,2,11,Cleric,3,0,0,0,1,1,1,0,0
102784,1,77,18,2,11,Machine,2,0,0,0,1,1,1,0,0
102807,0,20,18,3,11,Unknown,1,0,1,0,0,1,1,1,0
102782,1,28,18,3,11,Crafts,3,0,1,1,0,1,1,1,0
102781,1,36,18,2,11,Crafts,3,0,0,0,1,1,1,0,0
102814,1,41,18,3,11,Prof,3,1,1,1,1,1,1,0,0
102818,0,40,18,3,11,Other,2,0,1,1,1,1,1,0,0
102853,0,33,18,3,11,Other,4,0,1,1,0,1,1,0,0
102759,0,36,18,2,11,Transp,2,0,0,0,1,1,1,0,0
102855,1,39,18,4,11,Machine,3,1,1,1,1,1,1,0,0
102736,0,23,18,2,11,Handler,2,0,0,0,0,1,1,1,0
102885,1,29,18,3,11,Machine,3,0,1,1,0,1,1,1,0
102735,1,37,18,3,11,Machine,3,0,1,1,1,1,1,0,0
102580,1,31,18,2,11,Machine,3,0,0,0,0,1,1,0,0
102890,0,31,18,3,11,Other,2,0,1,1,0,1,1,0,0
102891,0,21,18,3,11,Sales,2,0,1,1,0,1,1,1,0
102790,0,40,18,3,11,Cleric,1,1,1,1,1,1,1,0,0
102728,1,56,18,2,11,Transp,3,0,0,0,1,1,1,0,0
102894,1,35,18,3,11,Exec,2,0,1,1,1,1,1,0,0
102725,1,29,18,2,11,Machine,3,0,0,0,0,1,1,1,0
102896,0,60,18,3,11,Handler,2,0,1,1,1,1,1,0,0
102575,1,27,18,3,11,Sales,2,1,1,1,0,1,1,1,0
102574,0,45,18,2,11,Machine,4,0,0,0,1,1,1,0,0
102898,1,41,18,4,11,Exec,3,0,1,1,1,1,1,0,0
102899,0,31,18,2,11,Machine,1,0,0,0,0,1,1,0,0
102903,1,50,18,4,11,Machine,3,0,1,1,1,1,1,0,0
102906,1,38,8,4,11,Machine,3,0,1,1,1,1,1,0,0
102883,1,20,18,3,11,Sales,3,0,1,1,0,1,1,1,0
102583,1,37,18,3,11,Machine,2,0,1,1,1,1,1,0,0
102584,0,35,18,3,11,Sales,2,0,1,1,1,1,1,0,0
102882,1,61,18,3,11,Exec,3,1,1,1,1,1,1,0,0
102856,0,68,18,2,11,Other,4,0,0,0,1,1,1,0,0
102859,0,48,18,2,11,Handler,1,1,0,0,1,1,1,0,0
102593,0,23,18,4,11,TechSup,2,0,1,1,0,1,1,1,0
102860,1,28,18,2,11,Other,3,0,0,0,0,1,1,1,0
102756,1,48,18,1,11,Farming,3,0,0,0,1,1,1,0,0
102631,1,34,18,3,11,Exec,3,0,1,1,0,1,1,0,0
102861,1,40,18,3,11,Transp,3,0,1,1,1,1,1,0,0
102752,0,39,18,2,11,Exec,4,0,0,0,1,1,1,0,0
102720,1,46,18,4,11,Protec,3,1,1,1,1,1,1,0,0
102633,1,41,18,2,11,Exec,3,0,0,0,1,1,1,0,0
102591,0,21,18,4,11,Unknown,1,0,1,1,0,1,1,1,0
102866,0,39,18,4,11,Machine,4,0,1,1,1,1,1,0,0
102869,1,61,18,3,11,Unknown,3,1,1,1,1,1,1,0,0
102870,1,34,18,3,11,Handler,1,0,1,1,0,1,1,0,0
102587,1,68,18,2,11,Cleric,3,0,0,0,1,1,1,0,0
102746,1,18,18,3,11,Other,2,0,1,1,0,1,1,1,0
102874,1,22,18,3,11,Machine,1,0,1,1,0,1,1,1,0
102877,1,32,18,2,11,Transp,3,1,0,0,0,1,1,0,0
102592,1,27,18,3,11,Sales,3,0,1,1,0,1,1,1,0
102663,1,37,18,1,11,Crafts,2,0,0,0,1,1,1,0,0
103000,0,40,18,2,11,Cleric,2,0,0,0,1,1,1,0,0
102532,1,53,18,3,11,Machine,4,0,1,1,1,1,1,0,0
101678,1,36,18,3,11,Machine,3,1,1,1,1,1,1,0,0
102021,1,28,18,2,11,Crafts,3,0,0,0,0,1,1,1,0
101677,0,29,18,1,11,Prof,2,0,0,0,0,1,1,1,0
102024,1,20,18,2,11,Crafts,4,0,0,0,0,1,1,1,0
102538,0,54,18,3,11,Exec,4,0,1,1,1,1,1,0,0
102027,1,47,18,3,11,TechSup,2,0,1,1,1,1,1,0,0
102029,0,22,18,3,11,Sales,4,0,1,1,0,1,1,1,0
102030,1,38,18,3,11,Machine,3,0,1,1,1,1,1,0,0
102031,1,34,18,3,11,Transp,3,0,1,1,0,1,1,0,0
102032,1,39,18,1,11,Handler,1,0,0,0,1,1,1,0,0
101675,1,23,18,4,11,Sales,2,0,1,1,0,1,1,1,0
102044,1,40,18,3,11,Crafts,3,0,1,1,1,1,1,0,0
102046,1,65,18,3,11,Exec,3,0,1,1,1,1,1,0,0
102048,0,31,18,3,11,Machine,4,0,1,1,0,1,1,0,0
102051,0,59,18,4,11,Cleric,4,0,1,1,1,1,1,0,0
102052,0,49,18,2,11,Cleric,4,0,0,0,1,1,1,0,0
102053,1,53,18,3,11,Farming,3,0,1,1,1,1,1,0,0
102016,1,27,18,3,11,Crafts,2,0,1,1,0,1,1,1,0
102015,1,61,18,4,11,Protec,3,0,1,1,1,1,1,0,0
102010,0,34,18,3,11,House-s,4,0,1,1,0,1,1,0,0
102009,1,41,18,2,11,Crafts,3,1,0,0,1,1,1,0,0
101687,0,50,18,3,11,TechSup,4,0,1,0,1,1,1,0,0
101975,0,41,18,1,11,Other,4,0,0,0,1,1,1,0,0
101685,1,54,18,3,11,Crafts,3,0,1,1,1,1,1,0,0
101984,1,21,18,2,11,Farming,1,0,0,0,0,1,1,1,0
101986,1,51,18,2,11,Crafts,3,0,0,0,1,1,1,0,0
101683,1,25,18,1,11,Handler,2,0,0,0,0,1,1,1,0
101682,1,34,18,3,11,Handler,3,0,1,1,0,1,1,0,0
101992,1,25,18,3,11,Other,1,0,1,1,0,1,1,1,0
102054,0,22,18,2,11,Cleric,1,0,0,0,0,1,1,1,0
101994,0,63,18,2,11,Exec,2,0,0,0,1,1,1,0,0
101996,1,29,18,2,11,Crafts,3,0,0,0,0,1,1,1,0
102000,0,43,18,4,11,Exec,4,0,1,1,1,1,1,0,0
101680,1,31,18,2,11,Farming,3,0,0,0,0,1,1,0,0
102003,1,61,18,2,11,Machine,3,0,0,0,1,1,1,0,0
102004,1,44,18,3,11,Crafts,3,0,1,1,1,1,1,0,0
102005,1,29,18,2,11,Crafts,3,0,0,0,0,1,1,1,0
102006,0,49,18,2,11,Other,4,0,0,0,1,1,1,0,0
102007,0,57,18,3,11,Crafts,2,0,1,1,1,1,1,0,0
101681,1,59,18,3,11,Crafts,3,0,1,1,1,1,1,0,0
101974,1,34,18,1,11,Farming,3,0,0,0,0,1,1,0,0
102055,0,43,18,3,11,Cleric,4,0,1,1,1,1,1,0,0
102056,1,29,18,3,11,Crafts,3,0,1,1,0,1,1,1,0
102100,0,20,18,2,11,Other,2,0,0,0,0,1,1,1,0
101654,1,47,18,4,11,Cleric,3,1,1,1,1,1,1,0,0
102102,1,43,18,2,11,Crafts,2,0,0,0,1,1,1,0,0
102103,1,49,18,3,11,Other,2,0,1,1,1,1,1,0,0
102104,1,31,0,3,11,Prof,3,0,1,1,0,1,1,0,0
102105,1,62,4,2,11,Unknown,3,0,0,0,1,1,1,0,0
102108,1,22,18,4,11,Handler,1,0,1,1,0,1,1,1,0
102110,1,36,18,2,11,Sales,3,0,0,0,1,1,1,0,0
102113,1,63,18,3,11,Unknown,3,0,1,1,1,1,1,0,0
102116,1,58,18,3,11,Sales,2,0,1,1,1,1,1,0,0
102117,1,19,18,1,11,Farming,1,0,0,0,0,1,1,1,0
102118,0,45,18,3,11,Cleric,4,0,1,1,1,1,1,0,0
101653,1,30,18,4,11,Unknown,3,0,1,1,0,1,1,0,0
102123,1,32,18,3,11,Farming,3,1,1,0,0,1,1,0,0
102128,0,49,18,4,11,Other,4,0,1,1,1,1,1,0,0
102131,1,62,18,2,11,Unknown,3,1,0,0,1,1,1,0,0
102133,1,61,18,1,11,Farming,3,1,0,0,1,1,1,0,0
101655,0,30,18,1,11,Cleric,4,0,0,0,0,1,1,0,0
101658,1,23,18,3,11,Sales,2,0,1,1,0,1,1,1,0
102096,0,47,18,2,11,Other,2,0,0,0,1,1,1,0,0
101659,0,20,18,3,11,Sales,1,0,1,1,0,1,1,1,0
102057,0,36,18,3,11,Cleric,1,0,1,1,1,1,1,0,0
102060,1,25,18,4,11,Handler,2,0,1,1,0,1,1,1,0
102061,0,50,18,4,11,Other,4,0,1,1,1,1,1,0,0
102062,1,59,18,3,11,Transp,3,1,1,1,1,1,1,0,0
102069,1,30,18,3,11,Transp,3,0,1,1,0,1,1,0,0
102072,1,27,18,3,11,Cleric,3,0,1,1,0,1,1,1,0
102074,0,33,18,4,11,Cleric,4,0,1,1,0,1,1,0,0
102075,1,67,18,2,11,Exec,3,1,0,0,1,1,1,0,0
101673,0,47,8,2,11,Other,1,0,0,0,1,1,1,0,0
101671,0,24,18,3,11,Sales,4,0,1,1,0,1,1,1,0
101670,1,35,18,3,11,Other,3,0,1,1,1,1,1,0,0
101666,1,44,18,3,11,Transp,3,0,1,1,1,1,1,0,0
102081,1,29,18,3,11,Exec,2,0,1,1,0,1,1,1,0
101664,1,47,18,2,11,Exec,3,1,0,0,1,1,1,0,0
102085,1,47,18,4,11,Crafts,4,0,1,1,1,1,1,0,0
102088,0,60,18,3,11,Machine,4,0,1,1,1,1,1,0,0
102090,1,54,18,1,11,Sales,2,0,0,0,1,1,1,0,0
101660,1,37,18,1,11,TechSup,3,0,0,0,1,1,1,0,1
102079,1,50,18,2,11,Protec,3,0,0,0,1,1,1,0,0
101767,1,27,18,2,11,Crafts,3,0,0,0,0,1,1,1,0
101688,0,32,0,4,11,House-s,4,0,1,1,0,1,1,0,0
101967,0,63,18,2,11,Transp,1,0,0,0,1,1,1,0,0
101825,0,52,18,1,11,Cleric,4,0,0,0,1,1,1,0,0
101833,1,48,18,3,11,Crafts,3,1,1,0,1,1,1,0,0
101732,0,59,18,3,11,Exec,4,0,1,1,1,1,1,0,0
101726,1,40,18,3,11,Exec,3,0,1,1,1,1,1,0,0
101837,1,26,18,3,11,Machine,3,1,1,1,0,1,1,1,0
101725,1,23,18,3,11,Protec,1,0,1,1,0,1,1,1,0
101724,1,28,2,3,11,Machine,1,0,1,1,0,1,1,1,0
101848,1,51,18,2,11,Crafts,3,0,0,0,1,1,1,0,0
101849,1,31,18,3,11,Sales,3,0,1,1,0,1,1,0,0
101851,0,54,18,3,11,Exec,2,0,1,1,1,1,1,0,0
101854,1,33,18,3,11,Crafts,3,1,1,1,0,1,1,0,0
101859,1,35,18,2,11,Machine,3,1,0,0,1,1,1,0,0
101722,1,57,18,4,11,Exec,3,0,1,1,1,1,1,0,0
101862,0,56,18,2,11,Sales,1,0,0,0,1,1,1,0,0
101717,1,26,18,3,11,Cleric,3,0,1,1,0,1,1,1,0
101865,1,55,18,3,11,Transp,3,1,1,0,1,1,1,0,0
101866,0,22,18,4,11,Other,4,0,1,1,0,1,1,1,0
101739,1,29,7,3,11,Sales,3,0,1,1,0,1,1,1,0
101819,1,38,18,3,11,Crafts,3,0,1,1,1,1,1,0,0
101742,1,31,18,3,11,Machine,2,0,1,1,0,1,1,0,0
101815,1,27,18,2,11,Crafts,2,0,0,0,0,1,1,1,0
101769,1,41,18,1,11,Farming,3,1,0,0,1,1,1,0,0
101776,1,43,18,2,11,Machine,3,0,0,0,1,1,1,0,0
101759,0,21,18,2,11,Sales,1,0,0,0,0,1,1,1,0
101779,1,32,18,3,11,Sales,1,0,1,1,0,1,1,0,0
101754,1,45,18,2,11,Exec,3,1,0,0,1,1,1,0,0
101782,1,54,18,3,11,Exec,3,1,1,1,1,1,1,0,0
101783,1,23,18,3,11,Machine,3,0,1,1,0,1,1,1,0
101751,0,34,18,2,11,Cleric,2,0,0,0,0,1,1,0,0
101867,1,30,8,3,11,Crafts,4,0,1,1,0,1,1,0,0
101749,1,32,18,1,11,Crafts,3,1,0,0,0,1,1,0,0
101746,1,60,18,1,11,Transp,3,1,0,0,1,1,1,0,0
101743,1,46,18,2,11,Exec,3,1,0,0,1,1,1,0,0
101798,1,43,18,2,11,Exec,3,1,0,0,1,1,1,0,0
101799,1,59,17,3,11,Prof,2,0,1,1,1,1,1,0,0
101805,1,36,18,3,11,Exec,3,0,1,0,1,1,1,0,0
101806,0,37,8,2,11,Unknown,2,0,0,0,1,1,1,0,0
101810,1,27,0,3,11,Other,1,0,1,1,0,1,1,1,0
101811,1,38,18,3,11,Crafts,3,0,1,1,1,1,1,0,0
101785,1,21,18,4,11,Transp,1,0,1,1,0,1,1,1,0
101695,1,56,18,3,11,Crafts,3,0,1,1,1,1,1,0,0
101869,0,24,8,3,11,Other,1,0,1,1,0,1,1,1,0
101873,0,19,18,4,11,Unknown,4,0,1,1,0,1,1,1,0
101929,1,36,18,3,11,Machine,2,0,1,1,1,1,1,0,0
101930,0,36,18,3,11,Crafts,2,0,1,1,1,1,1,0,0
101932,1,51,18,3,11,Unknown,3,0,1,1,1,1,1,0,0
101703,0,27,18,3,11,Cleric,4,0,1,1,0,1,1,1,0
101938,0,36,18,3,11,Sales,2,0,1,1,1,1,1,0,0
101939,1,38,18,3,11,Machine,2,0,1,1,1,1,1,0,0
101941,1,27,18,3,11,Crafts,1,0,1,1,0,1,1,1,0
101698,1,34,18,3,11,Handler,1,0,1,0,0,1,1,0,0
101949,0,50,18,3,11,Sales,4,0,1,1,1,1,1,0,0
101950,0,24,18,3,11,Cleric,2,0,1,1,0,1,1,1,0
101951,1,38,3,4,11,Crafts,2,0,1,1,1,1,1,0,0
101696,0,39,18,3,11,Crafts,1,0,1,1,1,1,1,0,0
101954,0,22,18,4,11,Cleric,2,0,1,1,0,1,1,1,0
101955,1,33,18,3,11,Transp,3,0,1,1,0,1,1,0,0
101957,1,25,8,3,11,Transp,2,0,1,1,0,1,1,1,0
101959,1,62,18,2,11,Crafts,2,0,0,0,1,1,1,0,0
101960,1,32,8,3,11,Exec,2,0,1,1,0,1,1,0,0
101928,1,39,18,3,11,Crafts,3,0,1,1,1,1,1,0,0
101925,0,23,18,3,11,Other,2,0,1,1,0,1,1,1,0
101920,1,34,18,3,11,Crafts,2,0,1,1,0,1,1,0,0
101707,1,43,18,3,11,Other,2,0,1,1,1,1,1,0,0
101875,0,22,18,3,11,Other,4,0,1,1,0,1,1,1,0
101877,1,38,18,2,11,Machine,3,0,0,0,1,1,1,0,0
101716,0,34,18,2,11,Exec,4,0,0,0,0,1,1,0,0
101881,0,27,18,3,11,Other,2,0,1,1,0,1,1,1,0
101884,1,37,18,3,11,Crafts,2,0,1,1,1,1,1,0,0
101714,1,26,18,3,11,Handler,1,0,1,1,0,1,1,1,0
101890,0,19,18,2,11,Sales,1,0,0,0,0,1,1,1,0
101891,1,47,18,3,11,Crafts,3,1,1,1,1,1,1,0,0
101870,1,27,18,2,11,Transp,2,0,0,0,0,1,1,1,0
101892,1,48,18,4,11,Cleric,3,1,1,1,1,1,1,0,0
101900,1,53,18,2,11,Transp,3,0,0,0,1,1,1,0,0
101904,1,39,18,2,11,Crafts,3,0,0,0,1,1,1,0,0
101908,1,19,18,4,11,Crafts,1,0,1,1,0,1,1,1,0
101713,1,51,18,3,11,Unknown,2,1,1,0,1,1,1,0,0
101910,1,53,18,3,11,Other,3,0,1,1,1,1,1,0,0
101911,1,22,18,4,11,Machine,2,0,1,1,0,1,1,1,0
101915,0,31,0,3,11,Unknown,1,0,1,1,0,1,1,0,0
101918,1,58,18,3,11,Crafts,3,0,1,1,1,1,1,0,0
101897,1,34,18,3,11,Protec,3,0,1,1,0,1,1,0,0
101648,1,51,18,3,11,Sales,2,0,1,1,1,1,1,0,0
102135,1,27,18,4,11,Machine,1,0,1,1,0,1,1,1,0
102139,1,52,18,2,11,Sales,3,1,0,0,1,1,1,0,0
102382,0,19,18,4,11,Cleric,1,0,1,1,0,1,1,1,0
102384,1,62,18,3,11,Handler,3,0,1,1,1,1,1,0,0
102386,0,29,18,3,11,Cleric,2,0,1,1,0,1,1,1,0
102387,0,25,18,4,11,Cleric,2,0,1,1,0,1,1,1,0
102391,0,62,18,4,11,Sales,2,0,1,1,1,1,1,0,0
102393,1,22,18,2,11,Handler,1,0,0,0,0,1,1,1,0
102395,1,58,18,3,11,Machine,3,0,1,1,1,1,1,0,0
101544,1,24,18,3,11,Cleric,1,0,1,1,0,1,1,1,0
102403,1,23,18,3,11,Transp,1,0,1,1,0,1,1,1,0
102406,1,35,18,3,11,Exec,3,1,1,1,1,1,1,0,0
102408,1,23,18,3,11,Cleric,1,0,1,1,0,1,1,1,0
102411,0,69,18,3,11,Sales,1,0,1,1,1,1,1,0,0
101528,1,52,18,3,11,Crafts,2,0,1,1,1,1,1,0,0
102418,0,33,18,2,11,Machine,1,1,0,0,0,1,1,0,0
101525,0,18,18,3,11,Sales,1,0,1,1,0,1,1,1,0
101524,1,38,18,3,11,Machine,3,0,1,1,1,1,1,0,0
101532,1,37,18,2,11,Machine,2,0,0,0,1,1,1,0,0
102379,0,45,18,3,11,Cleric,4,0,1,1,1,1,1,0,0
101546,0,48,18,3,11,Crafts,4,0,1,1,1,1,1,0,0
102362,1,28,18,3,11,Machine,3,0,1,1,0,1,1,1,0
102312,1,19,18,3,11,Sales,1,0,1,1,0,1,1,1,0
102313,1,58,18,3,11,Exec,2,0,1,1,1,1,1,0,0
102138,1,35,18,3,11,Other,2,0,1,1,1,1,1,0,0
102318,1,18,18,3,11,Crafts,1,0,1,1,0,1,1,1,0
102322,0,57,18,3,11,Sales,2,0,1,0,1,1,1,0,0
101563,0,47,2,3,11,Exec,1,0,1,1,1,1,1,0,0
102331,0,54,18,3,11,Other,1,0,1,1,1,1,1,0,0
102332,1,27,18,3,11,Cleric,2,0,1,1,0,1,1,1,0
101562,1,54,18,3,11,Crafts,3,0,1,1,1,1,1,0,0
102341,1,38,18,3,11,Handler,2,0,1,0,1,1,1,0,0
101557,1,47,18,3,11,Sales,3,1,1,1,1,1,1,0,0
101553,1,52,18,2,11,Handler,3,0,0,0,1,1,1,0,0
102347,0,46,18,2,11,Exec,2,0,0,0,1,1,1,0,0
102354,0,25,18,4,11,Cleric,2,0,1,1,0,1,1,1,0
102359,1,46,18,2,11,Crafts,2,0,0,0,1,1,1,0,0
102360,1,33,18,3,11,Cleric,2,0,1,1,0,1,1,0,0
102361,1,80,18,2,11,Exec,2,0,0,0,1,1,1,0,0
102423,1,50,18,4,11,Crafts,2,0,1,1,1,1,1,0,0
101567,1,49,18,2,11,Transp,3,0,0,0,1,1,1,0,0
102424,0,35,18,2,11,Other,4,0,0,0,1,1,1,0,0
102430,0,23,18,2,11,Other,4,0,0,0,0,1,1,1,0
101506,1,38,18,3,11,Other,3,0,1,1,1,1,1,0,0
101503,0,20,18,3,11,Cleric,2,0,1,0,0,1,1,1,0
102499,1,40,18,2,11,Exec,3,1,0,0,1,1,1,0,0
102500,1,62,18,2,11,Transp,2,0,0,0,1,1,1,0,0
102503,1,34,18,3,11,Cleric,1,0,1,0,0,1,1,0,0
102505,1,27,18,4,11,Machine,4,0,1,1,0,1,1,1,0
102507,0,30,18,3,11,Other,4,0,1,1,0,1,1,0,0
101508,1,19,18,3,11,Sales,2,0,1,1,0,1,1,1,0
102508,1,32,18,4,11,Crafts,3,1,1,1,0,1,1,0,0
102513,1,41,11,2,11,Transp,2,0,0,0,1,1,1,0,0
102514,0,39,18,3,11,Machine,4,0,1,1,1,1,1,0,0
102519,1,46,18,3,11,Crafts,3,1,1,1,1,1,1,0,0
102521,1,53,18,3,11,Crafts,3,0,1,1,1,1,1,0,0
102522,0,22,18,4,11,Unknown,2,0,1,1,0,1,1,1,0
102527,0,44,18,2,11,Other,4,0,0,0,1,1,1,0,0
102530,1,23,2,3,11,Crafts,2,0,1,1,0,1,1,1,0
102509,1,28,18,3,11,Crafts,3,0,1,1,0,1,1,1,0
102488,1,33,18,3,11,Farming,3,0,1,1,0,1,1,0,0
101514,1,45,18,4,11,Sales,2,0,1,1,1,1,1,0,0
102485,1,21,18,4,11,Handler,1,0,1,1,0,1,1,1,0
101523,1,22,18,4,11,Sales,2,0,1,1,0,1,1,1,0
101521,1,61,18,4,11,Other,3,0,1,1,1,1,1,0,0
102437,1,49,18,2,11,Crafts,3,1,0,0,1,1,1,0,0
102440,1,20,18,4,11,Sales,1,0,1,1,0,1,1,1,0
102441,1,62,18,3,11,Crafts,3,0,1,1,1,1,1,0,0
102443,1,17,0,3,11,Other,2,0,1,1,0,1,1,1,0
102445,1,53,18,4,11,Sales,3,0,1,1,1,1,1,0,0
102446,1,27,0,3,11,Machine,3,0,1,1,0,1,1,1,0
102450,1,42,18,3,11,Sales,3,0,1,1,1,1,1,0,0
102451,1,78,18,3,11,Sales,2,1,1,1,1,1,1,0,0
102452,1,42,18,3,11,Cleric,4,0,1,1,1,1,1,0,0
102456,1,45,18,3,11,Exec,3,0,1,1,1,1,1,0,0
102459,0,26,18,4,11,Other,2,0,1,1,0,1,1,1,0
101520,1,39,18,1,11,Transp,3,1,0,0,1,1,1,0,0
101517,0,38,18,3,11,Sales,4,0,1,1,1,1,1,0,0
102480,1,37,18,1,11,Crafts,3,0,0,0,1,1,1,0,0
102483,0,39,18,2,11,Cleric,4,0,0,0,1,1,1,0,0
102429,1,39,18,3,11,Machine,4,0,1,1,1,1,1,0,0
101572,0,46,18,3,11,Cleric,4,0,1,0,1,1,1,0,0
102317,1,56,18,2,11,Machine,2,0,0,0,1,1,1,0,0
102303,1,24,18,3,11,Farming,2,0,1,1,0,1,1,1,0
102179,1,44,8,3,11,Handler,3,0,1,1,1,1,1,0,0
102180,0,63,18,3,11,Sales,1,0,1,1,1,1,1,0,0
102181,1,23,18,2,11,Sales,1,0,0,0,0,1,1,1,0
101622,1,23,18,3,11,Machine,2,0,1,1,0,1,1,1,0
102185,1,32,18,2,11,Other,3,0,0,0,0,1,1,0,0
102187,1,22,18,3,11,Prof,2,0,1,1,0,1,1,1,0
101620,1,46,18,3,11,Cleric,3,1,1,0,1,1,1,0,0
102191,1,33,18,4,11,Cleric,3,0,1,1,0,1,1,0,0
101632,1,35,18,3,11,Transp,1,0,1,1,1,1,1,0,0
102192,0,25,18,2,11,Sales,2,0,0,0,0,1,1,1,0
102195,1,41,18,2,11,Machine,3,0,0,0,1,1,1,0,0
101613,1,33,12,3,11,Other,4,0,1,1,0,1,1,0,0
102199,1,19,18,3,11,Handler,1,0,1,1,0,1,1,1,0
102200,1,36,18,2,11,Crafts,3,0,0,0,1,1,1,0,0
101604,1,42,18,3,11,Crafts,3,0,1,1,1,1,1,0,0
102207,1,22,18,2,11,Other,1,0,0,0,0,1,1,1,0
101603,1,47,18,2,11,Crafts,3,1,0,0,1,1,1,0,0
102307,1,38,18,2,11,Cleric,3,1,0,0,1,1,1,0,0
102193,0,43,18,3,11,Other,1,0,1,1,1,1,1,0,0
101599,1,51,18,1,11,Crafts,2,0,0,0,1,1,1,0,0
102176,0,64,18,3,11,Cleric,2,0,1,1,1,1,1,0,0
102173,1,43,18,4,11,Crafts,3,1,1,1,1,1,1,0,0
102140,1,44,18,4,11,Transp,3,0,1,1,1,1,1,0,0
101647,1,51,18,3,11,Prof,3,1,1,0,1,1,1,0,0
102143,0,30,18,3,11,Cleric,2,0,1,1,0,1,1,0,0
102145,1,29,0,3,11,Cleric,4,0,1,1,0,1,1,1,0
102146,1,28,18,2,11,Crafts,2,0,0,0,0,1,1,1,0
102148,1,31,18,3,11,Transp,3,0,1,1,0,1,1,0,0
102149,1,28,18,3,11,Machine,1,0,1,1,0,1,1,1,0
102150,1,50,18,2,11,Exec,3,1,0,0,1,1,1,0,0
101639,0,33,4,3,11,Unknown,2,0,1,0,0,1,1,0,0
102151,0,68,18,2,11,Sales,2,0,0,0,1,1,1,0,0
102155,0,43,18,2,11,Cleric,4,1,0,0,1,1,1,0,0
102156,1,42,18,3,11,Sales,3,0,1,1,1,1,1,0,0
102160,1,48,18,3,11,Other,3,0,1,1,1,1,1,0,0
101645,1,52,18,3,11,Unknown,3,0,1,1,1,1,1,0,0
102164,0,34,18,4,11,Exec,4,0,1,1,0,1,1,0,0
102168,1,27,18,4,11,Transp,1,0,1,1,0,1,1,1,0
101644,1,36,18,3,11,Machine,2,0,1,1,1,1,1,0,0
102170,1,46,18,3,11,Machine,3,0,1,1,1,1,1,0,0
102152,1,72,2,3,11,Unknown,3,0,1,1,1,1,1,0,0
102213,1,28,18,3,11,Machine,2,0,1,1,0,1,1,1,0
102209,0,60,18,3,11,Other,4,0,1,1,1,1,1,0,0
102224,1,80,3,3,11,Unknown,3,0,1,1,1,1,1,0,0
102252,0,57,18,3,11,Cleric,2,0,1,1,1,1,1,0,0
102253,1,51,18,2,11,Machine,3,0,0,0,1,1,1,0,0
101580,1,43,18,2,11,Machine,3,1,0,0,1,1,1,0,0
102255,0,29,18,1,11,Other,2,0,0,0,0,1,1,1,0
102261,1,35,18,2,11,Sales,3,0,0,0,1,1,1,0,0
101578,1,54,18,3,11,Crafts,3,1,1,1,1,1,1,0,0
102267,1,58,18,4,11,Exec,3,1,1,1,1,1,1,0,0
102217,1,35,18,2,11,Farming,1,0,0,0,1,1,1,0,0
102269,0,33,18,3,11,Crafts,1,0,1,1,0,1,1,0,0
102273,1,31,18,2,11,Exec,1,0,0,0,0,1,1,0,0
102281,1,41,18,2,11,Crafts,2,0,0,0,1,1,1,0,0
101575,0,28,1,4,11,Unknown,1,0,1,1,0,1,1,1,0
102287,0,75,18,3,11,Unknown,1,0,1,1,1,1,1,0,0
102296,1,32,18,2,11,Handler,2,0,0,0,0,1,1,0,0
102297,1,23,18,3,11,Crafts,2,0,1,1,0,1,1,1,0
102299,0,49,18,3,11,Exec,4,0,1,0,1,1,1,0,0
102272,1,24,8,3,11,Crafts,2,0,1,1,0,1,1,1,0
102249,1,40,18,2,11,Sales,3,1,0,0,1,1,1,0,0
102999,1,55,18,2,11,Cleric,3,1,0,0,1,1,1,0,0
101582,1,35,18,3,11,Crafts,3,0,1,1,1,1,1,0,0
102227,1,51,18,2,11,Crafts,3,0,0,0,1,1,1,0,0
102228,1,33,18,4,11,Crafts,2,1,1,1,0,1,1,0,0
101596,1,23,18,1,11,Handler,2,0,0,0,0,1,1,1,0
102229,0,24,0,4,11,Unknown,1,0,1,1,0,1,1,1,0
102233,1,35,18,3,11,Handler,3,0,1,1,1,1,1,0,0
102236,0,24,18,3,11,Unknown,1,0,1,0,0,1,1,1,0
102239,1,42,18,2,11,Exec,3,1,0,0,1,1,1,0,0
101765,1,71,18,3,11,Unknown,3,0,1,1,1,1,1,0,0
101584,0,27,18,4,11,Exec,1,0,1,1,0,1,1,1,0
102243,0,31,18,3,11,Cleric,1,1,1,1,0,1,1,0,0
101589,1,42,18,2,11,Machine,2,0,0,0,1,1,1,0,0
102990,1,35,18,3,12,Sales,2,0,1,1,1,1,1,0,0
101686,1,47,8,3,12,Prof,3,1,1,1,1,1,1,0,0
101763,1,50,18,2,12,Prof,3,1,0,0,1,1,1,0,0
102959,1,41,13,2,12,Prof,3,1,0,0,1,1,1,0,0
101626,0,45,18,3,12,Prof,1,0,1,1,1,1,1,0,0
101733,1,39,18,3,12,Exec,3,0,1,1,1,1,1,0,0
102957,0,54,18,3,12,Unknown,2,0,1,1,1,1,1,0,0
101593,1,53,18,2,12,Exec,3,1,0,0,1,1,1,0,0
101565,0,32,18,3,12,Exec,2,1,1,1,0,1,1,0,0
101564,1,46,18,3,12,Sales,3,1,1,1,1,1,1,0,0
101522,0,39,18,3,12,Prof,2,1,1,1,1,1,1,0,0
101676,1,41,18,3,12,Exec,3,1,1,1,1,1,1,0,0
101547,1,49,18,2,12,Protec,2,0,0,0,1,1,1,0,0
101590,1,47,18,3,12,Prof,2,0,1,1,1,1,1,0,0
101505,1,34,18,3,12,Sales,4,1,1,1,0,1,1,0,0
101559,1,38,18,2,12,Exec,3,1,0,0,1,1,1,0,0
102969,1,42,18,3,12,Exec,2,1,1,1,1,1,1,0,0
101542,0,59,8,1,12,Prof,2,1,0,0,1,1,1,0,0
101501,0,41,18,3,12,Prof,2,0,1,1,1,1,1,0,0
102083,1,45,18,2,12,Exec,3,1,0,0,1,1,1,0,0
102741,1,33,18,4,12,Prof,3,1,1,1,0,1,1,0,0
102330,1,38,18,4,12,Prof,3,0,1,1,1,1,1,0,0
102733,1,41,18,4,12,Exec,3,1,1,1,1,1,1,0,0
102731,1,45,18,3,12,Exec,3,1,1,1,1,1,1,0,0
102097,1,67,18,2,12,Exec,3,1,0,0,1,1,1,0,0
102101,1,43,18,2,12,Prof,3,1,0,0,1,1,1,0,0
102120,1,45,18,2,12,Cleric,3,0,0,0,1,1,1,0,0
102711,1,44,18,3,12,Prof,3,1,1,0,1,1,1,0,0
102161,1,34,18,1,12,Prof,3,1,0,0,0,1,1,0,0
102434,1,34,18,3,12,Exec,3,0,1,1,0,1,1,0,0
101774,0,47,18,2,12,Prof,2,0,0,0,1,1,1,0,0
102177,1,54,18,3,12,Exec,3,1,1,1,1,1,1,0,0
102184,1,51,18,2,12,Sales,3,1,0,0,1,1,1,0,0
102413,0,41,18,3,12,Prof,1,0,1,1,1,1,1,0,0
102203,1,61,8,2,12,Crafts,3,0,0,0,1,1,1,0,0
102404,1,49,18,3,12,Sales,2,1,1,1,1,1,1,0,0
102210,0,53,18,3,12,Cleric,1,1,1,1,1,1,1,0,0
102595,1,37,18,3,12,Cleric,3,1,1,1,1,1,1,0,0
102380,1,42,18,3,12,Prof,3,1,1,1,1,1,1,0,0
102242,1,32,18,4,12,Exec,3,1,1,1,0,1,1,0,0
102651,1,51,18,2,12,Prof,3,1,0,0,1,1,1,0,0
102367,0,40,18,1,12,Prof,2,0,0,0,1,1,1,0,0
102648,1,34,18,2,12,Prof,3,1,0,0,0,1,1,0,0
102254,1,47,18,4,12,TechSup,2,1,1,1,1,1,1,0,0
102266,1,41,18,1,12,Prof,3,1,0,0,1,1,1,0,0
102309,1,42,8,3,12,Sales,3,1,1,1,1,1,1,0,0
102346,1,41,18,3,12,Exec,3,1,1,1,1,1,1,0,0
102612,1,70,18,1,12,Prof,3,1,0,0,1,1,1,0,0
102342,0,46,18,3,12,Prof,2,0,1,1,1,1,1,0,0
102435,1,45,18,3,12,Prof,3,1,1,1,1,1,1,0,0
102023,1,39,18,3,12,Prof,2,1,1,1,1,1,1,0,0
102615,1,35,18,2,12,Exec,3,0,0,0,1,1,1,0,0
102495,0,30,6,1,12,Cleric,2,0,0,0,0,1,1,0,0
102786,1,53,18,1,12,Exec,3,1,0,0,1,1,1,0,0
101909,0,44,18,2,12,Prof,2,0,0,0,1,1,1,0,0
101838,1,45,18,3,12,Exec,2,1,1,1,1,1,1,0,0
102496,1,42,18,2,12,Prof,3,1,0,0,1,1,1,0,0
102498,1,32,18,3,12,Prof,3,0,1,1,0,1,1,0,0
101946,0,28,18,4,12,Prof,2,1,1,1,0,1,1,1,0
101822,1,47,18,3,12,Exec,3,1,1,1,1,1,1,0,0
101791,0,48,18,2,12,Exec,4,1,0,0,1,1,1,0,0
101789,1,56,18,4,12,Sales,2,0,1,1,1,1,1,0,0
102556,1,46,18,4,12,Armed-F,3,1,1,1,1,1,1,0,0
102876,0,53,18,3,12,Prof,4,0,1,1,1,1,1,0,0
101784,0,34,18,2,12,Prof,4,0,0,0,0,1,1,0,0
102573,1,51,18,2,12,Protec,3,1,0,0,1,1,1,0,0
102793,0,26,18,3,12,Prof,2,0,1,1,0,1,1,1,0
102466,1,33,18,3,12,Prof,3,0,1,1,0,1,1,0,0
102794,1,59,18,3,12,Prof,2,1,1,1,1,1,1,0,0
101781,1,35,18,1,12,Exec,3,1,0,0,1,1,1,0,0
102619,1,68,18,3,13,Prof,3,1,1,1,1,1,1,0,0
101861,1,44,18,2,13,Prof,3,0,0,0,1,1,1,0,0
101839,0,27,18,3,13,Cleric,1,0,1,1,0,1,1,1,0
102286,1,75,18,1,13,Unknown,2,0,0,0,1,1,1,0,0
102370,1,72,18,2,13,Unknown,3,1,0,0,1,1,1,0,0
102310,1,52,18,2,13,Exec,2,1,0,0,1,1,1,0,0
101551,1,66,10,3,13,Prof,3,1,1,1,1,1,1,0,0
101721,1,67,18,2,13,Sales,3,1,0,0,1,1,1,0,0
102230,1,52,18,3,13,Prof,3,1,1,1,1,1,1,0,0
101817,0,46,18,3,13,Prof,4,1,1,1,1,1,1,0,0
102783,1,59,18,2,13,Prof,3,1,0,0,1,1,1,0,0
101972,1,53,18,3,13,Prof,3,1,1,1,1,1,1,0,0
102033,1,37,18,2,13,Prof,3,0,0,0,1,1,1,0,0
102753,1,53,18,2,13,Prof,2,0,0,0,1,1,1,0,0
102080,1,49,18,2,13,Prof,3,0,0,0,1,1,1,0,0
102734,1,44,18,2,13,Exec,3,1,0,0,1,1,1,0,0
102796,1,39,18,3,13,Exec,3,1,1,1,1,1,1,0,0
101973,1,30,18,4,13,Prof,2,0,1,1,0,1,1,0,0
101878,1,42,13,2,13,Prof,3,1,0,0,1,1,1,0,0
102687,1,46,18,3,13,Prof,3,0,1,1,1,1,1,0,0
102821,1,34,18,4,13,Prof,3,1,1,1,0,1,1,0,0
101641,1,57,7,2,13,TechSup,3,1,0,0,1,1,1,0,0
102585,1,53,18,2,13,Prof,3,0,0,0,1,1,1,0,0
101708,1,67,18,3,13,Prof,3,1,1,1,1,1,1,0,0
102142,1,47,18,2,13,Prof,3,1,0,0,1,1,1,0,0
102479,0,46,0,3,14,Machine,1,0,1,1,1,0,1,0,0
102858,1,24,0,3,14,Farming,2,0,1,1,0,0,1,1,0
102020,1,71,18,3,14,Crafts,4,0,1,1,1,0,1,0,0
102486,1,47,18,4,15,Prof,3,1,1,1,1,1,1,0,0
101512,0,30,18,3,15,Prof,2,0,1,1,0,1,1,0,0
102422,1,52,18,3,15,Exec,2,1,1,1,1,1,1,0,0
102577,1,29,18,3,15,Prof,2,0,1,1,0,1,1,1,0
101560,1,46,18,2,15,Prof,3,1,0,0,1,1,1,0,0
101526,1,40,18,3,15,Prof,3,1,1,1,1,1,1,0,0
102881,1,42,18,2,15,Prof,3,1,0,0,1,1,1,0,0
102323,1,52,18,3,15,Prof,3,1,1,1,1,1,1,0,0
101831,1,46,18,1,15,Exec,3,1,0,0,1,1,1,0,0
101835,0,25,8,2,15,Prof,2,0,0,0,0,1,1,1,0
101863,1,51,18,2,15,Prof,3,1,0,0,1,1,1,0,0
101885,0,39,18,4,15,Exec,1,1,1,1,1,1,1,0,0
101935,1,38,18,2,15,Prof,3,1,0,0,1,1,1,0,0
101697,1,44,18,2,15,Prof,3,1,0,0,1,1,1,0,0
101952,1,55,18,2,15,Exec,3,1,0,0,1,1,1,0,0
101988,1,33,18,2,15,Prof,3,1,0,0,0,1,1,0,0
101990,1,35,18,2,15,Prof,3,0,0,0,1,1,1,0,0
102037,1,49,18,4,15,Prof,3,1,1,1,1,1,1,0,0
102078,0,28,18,3,15,Prof,2,0,1,1,0,1,1,1,0
102326,1,49,18,3,15,Prof,3,1,1,0,1,1,1,0,0
102169,1,59,18,2,15,Sales,3,0,0,0,1,1,1,0,0
101633,1,34,18,3,15,Prof,3,1,1,1,0,1,1,0,0
102189,1,44,13,2,15,Prof,3,1,0,0,1,1,1,0,0
102196,1,37,18,3,15,Prof,3,1,1,1,1,1,1,0,0
102669,1,60,18,4,15,Prof,3,1,1,1,1,1,1,0,0
102661,1,51,18,4,15,Prof,3,1,1,1,1,1,1,0,0
102237,1,28,18,3,15,Prof,2,0,1,1,0,1,1,1,0
102653,1,46,18,3,15,Prof,3,1,1,1,1,1,1,0,0
102247,1,42,18,2,15,Prof,3,1,0,0,1,1,1,0,0
101581,1,42,18,3,15,Prof,3,1,1,1,1,1,1,0,0
101570,1,42,18,3,15,Prof,3,1,1,1,1,1,1,0,0
102967,0,40,18,3,15,Prof,1,1,1,1,1,1,1,0,0
102689,1,46,18,3,15,Farming,4,0,1,1,1,1,1,0,0
102025,1,36,18,4,15,Prof,3,1,1,1,1,1,1,0,0
